[2025-05-25 05:31:24] INFO: Application started
[2025-05-25 05:31:24] INFO: Request method: GET
[2025-05-25 05:31:24] INFO: Request URI: /
[2025-05-25 05:31:24] INFO: Request headers: {"Host":"localhost:8000","Connection":"keep-alive","sec-ch-ua":"\"Chromium\";v=\"136\", \"Google Chrome\";v=\"136\", \"Not.A\/Brand\";v=\"99\"","sec-ch-ua-mobile":"?0","sec-ch-ua-platform":"\"Windows\"","DNT":"1","Upgrade-Insecure-Requests":"1","User-Agent":"Mozilla\/5.0 (Windows NT 10.0; Win64; x64) AppleWebKit\/537.36 (KHTML, like Gecko) Chrome\/136.0.0.0 Safari\/537.36","Accept":"text\/html,application\/xhtml+xml,application\/xml;q=0.9,image\/avif,image\/webp,image\/apng,*\/*;q=0.8,application\/signed-exchange;v=b3;q=0.7","Sec-Fetch-Site":"none","Sec-Fetch-Mode":"navigate","Sec-Fetch-User":"?1","Sec-Fetch-Dest":"document","Accept-Encoding":"gzip, deflate, br, zstd","Accept-Language":"en-ID,en;q=0.9,id-ID;q=0.8,id;q=0.7,en-GB;q=0.6,en-US;q=0.5"}
[2025-05-25 05:31:24] INFO: Request body: 
[2025-05-25 05:31:24] INFO: Application started
[2025-05-25 05:31:24] INFO: Request method: GET
[2025-05-25 05:31:24] INFO: Request URI: /auth/login
[2025-05-25 05:31:24] INFO: Request headers: {"Host":"localhost:8000","Connection":"keep-alive","DNT":"1","Upgrade-Insecure-Requests":"1","User-Agent":"Mozilla\/5.0 (Windows NT 10.0; Win64; x64) AppleWebKit\/537.36 (KHTML, like Gecko) Chrome\/136.0.0.0 Safari\/537.36","Accept":"text\/html,application\/xhtml+xml,application\/xml;q=0.9,image\/avif,image\/webp,image\/apng,*\/*;q=0.8,application\/signed-exchange;v=b3;q=0.7","Sec-Fetch-Site":"none","Sec-Fetch-Mode":"navigate","Sec-Fetch-User":"?1","Sec-Fetch-Dest":"document","sec-ch-ua":"\"Chromium\";v=\"136\", \"Google Chrome\";v=\"136\", \"Not.A\/Brand\";v=\"99\"","sec-ch-ua-mobile":"?0","sec-ch-ua-platform":"\"Windows\"","Accept-Encoding":"gzip, deflate, br, zstd","Accept-Language":"en-ID,en;q=0.9,id-ID;q=0.8,id;q=0.7,en-GB;q=0.6,en-US;q=0.5","Cookie":"PHPSESSID=e12b59fep899vt4ildsg0r6gmb"}
[2025-05-25 05:31:24] INFO: Request body: 
[2025-05-25 05:31:31] INFO: Application started
[2025-05-25 05:31:31] INFO: Request method: POST
[2025-05-25 05:31:31] INFO: Request URI: /auth/login
[2025-05-25 05:31:31] INFO: Request headers: {"Host":"localhost:8000","Connection":"keep-alive","Content-Length":"109","Cache-Control":"max-age=0","sec-ch-ua":"\"Chromium\";v=\"136\", \"Google Chrome\";v=\"136\", \"Not.A\/Brand\";v=\"99\"","sec-ch-ua-mobile":"?0","sec-ch-ua-platform":"\"Windows\"","Origin":"http:\/\/localhost:8000","DNT":"1","Upgrade-Insecure-Requests":"1","Content-Type":"application\/x-www-form-urlencoded","User-Agent":"Mozilla\/5.0 (Windows NT 10.0; Win64; x64) AppleWebKit\/537.36 (KHTML, like Gecko) Chrome\/136.0.0.0 Safari\/537.36","Accept":"text\/html,application\/xhtml+xml,application\/xml;q=0.9,image\/avif,image\/webp,image\/apng,*\/*;q=0.8,application\/signed-exchange;v=b3;q=0.7","Sec-Fetch-Site":"same-origin","Sec-Fetch-Mode":"navigate","Sec-Fetch-User":"?1","Sec-Fetch-Dest":"document","Referer":"http:\/\/localhost:8000\/auth\/login","Accept-Encoding":"gzip, deflate, br, zstd","Accept-Language":"en-ID,en;q=0.9,id-ID;q=0.8,id;q=0.7,en-GB;q=0.6,en-US;q=0.5","Cookie":"PHPSESSID=e12b59fep899vt4ildsg0r6gmb"}
[2025-05-25 05:31:31] INFO: Request body: _csrf_token=4014c828e795fba9ee4d7a2ea48c086937d08a5e777b3323cd60cf37882a48f2&username=admin&password=password
[2025-05-25 05:31:31] INFO: Attempting to log in user.
[2025-05-25 05:31:31] INFO: Username: admin
[2025-05-25 05:31:31] INFO: Password: password
[2025-05-25 05:31:31] INFO: Creating AuthService instance.
[2025-05-25 05:31:31] INFO: Attempting to log in user with username: admin
[2025-05-25 05:31:31] INFO: Fetching user by username: admin
[2025-05-25 05:31:31] INFO: Fetching permissions for role ID: 1
[2025-05-25 05:31:31] INFO: User authenticated successfully.
[2025-05-25 05:31:31] INFO: User session set: {"id":1,"username":"admin","role":"admin","permissions":["approve-dashboard","approve-human_resources","approve-inventory","approve-role","approve-module","create-dashboard","create-human_resources","create-inventory","create-employee","create-department","create-role","create-module","delete-dashboard","delete-human_resources","delete-inventory","delete-employee","delete-role","delete-module","export-dashboard","export-human_resources","export-inventory","export-role","export-module","import-dashboard","import-human_resources","import-inventory","import-role","import-module","reject-dashboard","reject-human_resources","reject-inventory","reject-role","reject-module","submit-dashboard","submit-human_resources","submit-inventory","submit-role","submit-module","update-dashboard","update-human_resources","update-inventory","update-employee","update-stock","update-role","update-module","view-dashboard","view-human_resources","view-inventory","view-employee","view-department","view-warehouse","view-stock","view-role","view-module"]}
[2025-05-25 05:31:31] INFO: Application started
[2025-05-25 05:31:31] INFO: Request method: GET
[2025-05-25 05:31:31] INFO: Request URI: /dashboard
[2025-05-25 05:31:31] INFO: Request headers: {"Host":"localhost:8000","Connection":"keep-alive","Cache-Control":"max-age=0","DNT":"1","Upgrade-Insecure-Requests":"1","User-Agent":"Mozilla\/5.0 (Windows NT 10.0; Win64; x64) AppleWebKit\/537.36 (KHTML, like Gecko) Chrome\/136.0.0.0 Safari\/537.36","Accept":"text\/html,application\/xhtml+xml,application\/xml;q=0.9,image\/avif,image\/webp,image\/apng,*\/*;q=0.8,application\/signed-exchange;v=b3;q=0.7","Sec-Fetch-Site":"same-origin","Sec-Fetch-Mode":"navigate","Sec-Fetch-User":"?1","Sec-Fetch-Dest":"document","sec-ch-ua":"\"Chromium\";v=\"136\", \"Google Chrome\";v=\"136\", \"Not.A\/Brand\";v=\"99\"","sec-ch-ua-mobile":"?0","sec-ch-ua-platform":"\"Windows\"","Referer":"http:\/\/localhost:8000\/auth\/login","Accept-Encoding":"gzip, deflate, br, zstd","Accept-Language":"en-ID,en;q=0.9,id-ID;q=0.8,id;q=0.7,en-GB;q=0.6,en-US;q=0.5","Cookie":"PHPSESSID=otrgseh03h7bj4mercfp78q868"}
[2025-05-25 05:31:31] INFO: Request body: 
[2025-05-25 05:31:39] INFO: Application started
[2025-05-25 05:31:39] INFO: Request method: GET
[2025-05-25 05:31:39] INFO: Request URI: /role-permissions
[2025-05-25 05:31:39] INFO: Request headers: {"Host":"localhost:8000","Connection":"keep-alive","sec-ch-ua":"\"Chromium\";v=\"136\", \"Google Chrome\";v=\"136\", \"Not.A\/Brand\";v=\"99\"","sec-ch-ua-mobile":"?0","sec-ch-ua-platform":"\"Windows\"","DNT":"1","Upgrade-Insecure-Requests":"1","User-Agent":"Mozilla\/5.0 (Windows NT 10.0; Win64; x64) AppleWebKit\/537.36 (KHTML, like Gecko) Chrome\/136.0.0.0 Safari\/537.36","Sec-Purpose":"prefetch;prerender","Purpose":"prefetch","Accept":"text\/html,application\/xhtml+xml,application\/xml;q=0.9,image\/avif,image\/webp,image\/apng,*\/*;q=0.8,application\/signed-exchange;v=b3;q=0.7","Sec-Fetch-Site":"none","Sec-Fetch-Mode":"navigate","Sec-Fetch-User":"?1","Sec-Fetch-Dest":"document","Accept-Encoding":"gzip, deflate, br, zstd","Accept-Language":"en-ID,en;q=0.9,id-ID;q=0.8,id;q=0.7,en-GB;q=0.6,en-US;q=0.5","Cookie":"PHPSESSID=otrgseh03h7bj4mercfp78q868"}
[2025-05-25 05:31:39] INFO: Request body: 
[2025-05-25 05:31:39] INFO: Controller Fetching all modules
[2025-05-25 05:31:39] INFO: Fetching all roles
[2025-05-25 05:31:39] INFO: Fetching all modules
[2025-05-25 05:32:00] INFO: Application started
[2025-05-25 05:32:00] INFO: Request method: GET
[2025-05-25 05:32:00] INFO: Request URI: /role-permissions
[2025-05-25 05:32:00] INFO: Request headers: {"Host":"localhost:8000","Connection":"keep-alive","Cache-Control":"max-age=0","sec-ch-ua":"\"Chromium\";v=\"136\", \"Google Chrome\";v=\"136\", \"Not.A\/Brand\";v=\"99\"","sec-ch-ua-mobile":"?0","sec-ch-ua-platform":"\"Windows\"","DNT":"1","Upgrade-Insecure-Requests":"1","User-Agent":"Mozilla\/5.0 (Windows NT 10.0; Win64; x64) AppleWebKit\/537.36 (KHTML, like Gecko) Chrome\/136.0.0.0 Safari\/537.36","Accept":"text\/html,application\/xhtml+xml,application\/xml;q=0.9,image\/avif,image\/webp,image\/apng,*\/*;q=0.8,application\/signed-exchange;v=b3;q=0.7","Sec-Fetch-Site":"none","Sec-Fetch-Mode":"navigate","Sec-Fetch-User":"?1","Sec-Fetch-Dest":"document","Accept-Encoding":"gzip, deflate, br, zstd","Accept-Language":"en-ID,en;q=0.9,id-ID;q=0.8,id;q=0.7,en-GB;q=0.6,en-US;q=0.5","Cookie":"PHPSESSID=otrgseh03h7bj4mercfp78q868"}
[2025-05-25 05:32:00] INFO: Request body: 
[2025-05-25 05:32:00] INFO: Controller Fetching all modules
[2025-05-25 05:32:00] INFO: Fetching all roles
[2025-05-25 05:32:00] INFO: Fetching all modules
[2025-05-25 05:32:03] INFO: Application started
[2025-05-25 05:32:03] INFO: Request method: GET
[2025-05-25 05:32:03] INFO: Request URI: /role-permissions?role_id=1
[2025-05-25 05:32:03] INFO: Request headers: {"Host":"localhost:8000","Connection":"keep-alive","sec-ch-ua":"\"Chromium\";v=\"136\", \"Google Chrome\";v=\"136\", \"Not.A\/Brand\";v=\"99\"","sec-ch-ua-mobile":"?0","sec-ch-ua-platform":"\"Windows\"","DNT":"1","Upgrade-Insecure-Requests":"1","User-Agent":"Mozilla\/5.0 (Windows NT 10.0; Win64; x64) AppleWebKit\/537.36 (KHTML, like Gecko) Chrome\/136.0.0.0 Safari\/537.36","Accept":"text\/html,application\/xhtml+xml,application\/xml;q=0.9,image\/avif,image\/webp,image\/apng,*\/*;q=0.8,application\/signed-exchange;v=b3;q=0.7","Sec-Fetch-Site":"same-origin","Sec-Fetch-Mode":"navigate","Sec-Fetch-User":"?1","Sec-Fetch-Dest":"document","Referer":"http:\/\/localhost:8000\/role-permissions","Accept-Encoding":"gzip, deflate, br, zstd","Accept-Language":"en-ID,en;q=0.9,id-ID;q=0.8,id;q=0.7,en-GB;q=0.6,en-US;q=0.5","Cookie":"PHPSESSID=otrgseh03h7bj4mercfp78q868"}
[2025-05-25 05:32:03] INFO: Request body: 
[2025-05-25 05:32:03] INFO: Controller Fetching all modules
[2025-05-25 05:32:03] INFO: Fetching all roles
[2025-05-25 05:32:03] INFO: Fetching all modules
[2025-05-25 05:32:34] INFO: Application started
[2025-05-25 05:32:34] INFO: Request method: GET
[2025-05-25 05:32:34] INFO: Request URI: /role-permissions?role_id=1
[2025-05-25 05:32:34] INFO: Request headers: {"Host":"localhost:8000","Connection":"keep-alive","Cache-Control":"max-age=0","sec-ch-ua":"\"Chromium\";v=\"136\", \"Google Chrome\";v=\"136\", \"Not.A\/Brand\";v=\"99\"","sec-ch-ua-mobile":"?0","sec-ch-ua-platform":"\"Windows\"","DNT":"1","Upgrade-Insecure-Requests":"1","User-Agent":"Mozilla\/5.0 (Windows NT 10.0; Win64; x64) AppleWebKit\/537.36 (KHTML, like Gecko) Chrome\/136.0.0.0 Safari\/537.36","Accept":"text\/html,application\/xhtml+xml,application\/xml;q=0.9,image\/avif,image\/webp,image\/apng,*\/*;q=0.8,application\/signed-exchange;v=b3;q=0.7","Sec-Fetch-Site":"same-origin","Sec-Fetch-Mode":"navigate","Sec-Fetch-User":"?1","Sec-Fetch-Dest":"document","Referer":"http:\/\/localhost:8000\/role-permissions","Accept-Encoding":"gzip, deflate, br, zstd","Accept-Language":"en-ID,en;q=0.9,id-ID;q=0.8,id;q=0.7,en-GB;q=0.6,en-US;q=0.5","Cookie":"PHPSESSID=otrgseh03h7bj4mercfp78q868"}
[2025-05-25 05:32:34] INFO: Request body: 
[2025-05-25 05:32:34] INFO: Controller Fetching all modules
[2025-05-25 05:32:34] INFO: Fetching all roles
[2025-05-25 05:32:34] INFO: Fetching all modules
[2025-05-25 05:32:46] INFO: Application started
[2025-05-25 05:32:46] INFO: Request method: GET
[2025-05-25 05:32:46] INFO: Request URI: /role-permissions?role_id=2
[2025-05-25 05:32:46] INFO: Request headers: {"Host":"localhost:8000","Connection":"keep-alive","sec-ch-ua":"\"Chromium\";v=\"136\", \"Google Chrome\";v=\"136\", \"Not.A\/Brand\";v=\"99\"","sec-ch-ua-mobile":"?0","sec-ch-ua-platform":"\"Windows\"","DNT":"1","Upgrade-Insecure-Requests":"1","User-Agent":"Mozilla\/5.0 (Windows NT 10.0; Win64; x64) AppleWebKit\/537.36 (KHTML, like Gecko) Chrome\/136.0.0.0 Safari\/537.36","Accept":"text\/html,application\/xhtml+xml,application\/xml;q=0.9,image\/avif,image\/webp,image\/apng,*\/*;q=0.8,application\/signed-exchange;v=b3;q=0.7","Sec-Fetch-Site":"none","Sec-Fetch-Mode":"navigate","Sec-Fetch-User":"?1","Sec-Fetch-Dest":"document","Accept-Encoding":"gzip, deflate, br, zstd","Accept-Language":"en-ID,en;q=0.9,id-ID;q=0.8,id;q=0.7,en-GB;q=0.6,en-US;q=0.5","Cookie":"PHPSESSID=otrgseh03h7bj4mercfp78q868"}
[2025-05-25 05:32:46] INFO: Request body: 
[2025-05-25 05:32:46] INFO: Controller Fetching all modules
[2025-05-25 05:32:46] INFO: Fetching all roles
[2025-05-25 05:32:46] INFO: Fetching all modules
[2025-05-25 05:32:49] INFO: Application started
[2025-05-25 05:32:49] INFO: Request method: GET
[2025-05-25 05:32:49] INFO: Request URI: /role-permissions?role_id=3
[2025-05-25 05:32:49] INFO: Request headers: {"Host":"localhost:8000","Connection":"keep-alive","sec-ch-ua":"\"Chromium\";v=\"136\", \"Google Chrome\";v=\"136\", \"Not.A\/Brand\";v=\"99\"","sec-ch-ua-mobile":"?0","sec-ch-ua-platform":"\"Windows\"","DNT":"1","Upgrade-Insecure-Requests":"1","User-Agent":"Mozilla\/5.0 (Windows NT 10.0; Win64; x64) AppleWebKit\/537.36 (KHTML, like Gecko) Chrome\/136.0.0.0 Safari\/537.36","Accept":"text\/html,application\/xhtml+xml,application\/xml;q=0.9,image\/avif,image\/webp,image\/apng,*\/*;q=0.8,application\/signed-exchange;v=b3;q=0.7","Sec-Fetch-Site":"none","Sec-Fetch-Mode":"navigate","Sec-Fetch-User":"?1","Sec-Fetch-Dest":"document","Accept-Encoding":"gzip, deflate, br, zstd","Accept-Language":"en-ID,en;q=0.9,id-ID;q=0.8,id;q=0.7,en-GB;q=0.6,en-US;q=0.5","Cookie":"PHPSESSID=otrgseh03h7bj4mercfp78q868"}
[2025-05-25 05:32:49] INFO: Request body: 
[2025-05-25 05:32:49] INFO: Controller Fetching all modules
[2025-05-25 05:32:49] INFO: Fetching all roles
[2025-05-25 05:32:49] INFO: Fetching all modules
[2025-05-25 05:32:52] INFO: Application started
[2025-05-25 05:32:52] INFO: Request method: GET
[2025-05-25 05:32:52] INFO: Request URI: /role-permissions?role_id=4
[2025-05-25 05:32:52] INFO: Request headers: {"Host":"localhost:8000","Connection":"keep-alive","sec-ch-ua":"\"Chromium\";v=\"136\", \"Google Chrome\";v=\"136\", \"Not.A\/Brand\";v=\"99\"","sec-ch-ua-mobile":"?0","sec-ch-ua-platform":"\"Windows\"","DNT":"1","Upgrade-Insecure-Requests":"1","User-Agent":"Mozilla\/5.0 (Windows NT 10.0; Win64; x64) AppleWebKit\/537.36 (KHTML, like Gecko) Chrome\/136.0.0.0 Safari\/537.36","Accept":"text\/html,application\/xhtml+xml,application\/xml;q=0.9,image\/avif,image\/webp,image\/apng,*\/*;q=0.8,application\/signed-exchange;v=b3;q=0.7","Sec-Fetch-Site":"none","Sec-Fetch-Mode":"navigate","Sec-Fetch-User":"?1","Sec-Fetch-Dest":"document","Accept-Encoding":"gzip, deflate, br, zstd","Accept-Language":"en-ID,en;q=0.9,id-ID;q=0.8,id;q=0.7,en-GB;q=0.6,en-US;q=0.5","Cookie":"PHPSESSID=otrgseh03h7bj4mercfp78q868"}
[2025-05-25 05:32:52] INFO: Request body: 
[2025-05-25 05:32:52] INFO: Controller Fetching all modules
[2025-05-25 05:32:52] INFO: Fetching all roles
[2025-05-25 05:32:52] INFO: Fetching all modules
[2025-05-25 05:32:57] INFO: Application started
[2025-05-25 05:32:57] INFO: Request method: GET
[2025-05-25 05:32:57] INFO: Request URI: /role-permissions?role_id=4
[2025-05-25 05:32:57] INFO: Request headers: {"Host":"localhost:8000","Connection":"keep-alive","Cache-Control":"max-age=0","sec-ch-ua":"\"Chromium\";v=\"136\", \"Google Chrome\";v=\"136\", \"Not.A\/Brand\";v=\"99\"","sec-ch-ua-mobile":"?0","sec-ch-ua-platform":"\"Windows\"","DNT":"1","Upgrade-Insecure-Requests":"1","User-Agent":"Mozilla\/5.0 (Windows NT 10.0; Win64; x64) AppleWebKit\/537.36 (KHTML, like Gecko) Chrome\/136.0.0.0 Safari\/537.36","Accept":"text\/html,application\/xhtml+xml,application\/xml;q=0.9,image\/avif,image\/webp,image\/apng,*\/*;q=0.8,application\/signed-exchange;v=b3;q=0.7","Sec-Fetch-Site":"none","Sec-Fetch-Mode":"navigate","Sec-Fetch-User":"?1","Sec-Fetch-Dest":"document","Accept-Encoding":"gzip, deflate, br, zstd","Accept-Language":"en-ID,en;q=0.9,id-ID;q=0.8,id;q=0.7,en-GB;q=0.6,en-US;q=0.5","Cookie":"PHPSESSID=otrgseh03h7bj4mercfp78q868"}
[2025-05-25 05:32:57] INFO: Request body: 
[2025-05-25 05:32:57] INFO: Controller Fetching all modules
[2025-05-25 05:32:57] INFO: Fetching all roles
[2025-05-25 05:32:57] INFO: Fetching all modules
[2025-05-25 05:33:00] INFO: Application started
[2025-05-25 05:33:00] INFO: Request method: GET
[2025-05-25 05:33:00] INFO: Request URI: /role-permissions?role_id=1
[2025-05-25 05:33:00] INFO: Request headers: {"Host":"localhost:8000","Connection":"keep-alive","sec-ch-ua":"\"Chromium\";v=\"136\", \"Google Chrome\";v=\"136\", \"Not.A\/Brand\";v=\"99\"","sec-ch-ua-mobile":"?0","sec-ch-ua-platform":"\"Windows\"","DNT":"1","Upgrade-Insecure-Requests":"1","User-Agent":"Mozilla\/5.0 (Windows NT 10.0; Win64; x64) AppleWebKit\/537.36 (KHTML, like Gecko) Chrome\/136.0.0.0 Safari\/537.36","Accept":"text\/html,application\/xhtml+xml,application\/xml;q=0.9,image\/avif,image\/webp,image\/apng,*\/*;q=0.8,application\/signed-exchange;v=b3;q=0.7","Sec-Fetch-Site":"same-origin","Sec-Fetch-Mode":"navigate","Sec-Fetch-User":"?1","Sec-Fetch-Dest":"document","Referer":"http:\/\/localhost:8000\/role-permissions?role_id=4","Accept-Encoding":"gzip, deflate, br, zstd","Accept-Language":"en-ID,en;q=0.9,id-ID;q=0.8,id;q=0.7,en-GB;q=0.6,en-US;q=0.5","Cookie":"PHPSESSID=otrgseh03h7bj4mercfp78q868"}
[2025-05-25 05:33:00] INFO: Request body: 
[2025-05-25 05:33:00] INFO: Controller Fetching all modules
[2025-05-25 05:33:00] INFO: Fetching all roles
[2025-05-25 05:33:00] INFO: Fetching all modules
[2025-05-25 05:33:20] INFO: Application started
[2025-05-25 05:33:20] INFO: Request method: GET
[2025-05-25 05:33:20] INFO: Request URI: /role-permissions?role_id=2
[2025-05-25 05:33:20] INFO: Request headers: {"Host":"localhost:8000","Connection":"keep-alive","sec-ch-ua":"\"Chromium\";v=\"136\", \"Google Chrome\";v=\"136\", \"Not.A\/Brand\";v=\"99\"","sec-ch-ua-mobile":"?0","sec-ch-ua-platform":"\"Windows\"","DNT":"1","Upgrade-Insecure-Requests":"1","User-Agent":"Mozilla\/5.0 (Windows NT 10.0; Win64; x64) AppleWebKit\/537.36 (KHTML, like Gecko) Chrome\/136.0.0.0 Safari\/537.36","Accept":"text\/html,application\/xhtml+xml,application\/xml;q=0.9,image\/avif,image\/webp,image\/apng,*\/*;q=0.8,application\/signed-exchange;v=b3;q=0.7","Sec-Fetch-Site":"same-origin","Sec-Fetch-Mode":"navigate","Sec-Fetch-User":"?1","Sec-Fetch-Dest":"document","Referer":"http:\/\/localhost:8000\/role-permissions?role_id=1","Accept-Encoding":"gzip, deflate, br, zstd","Accept-Language":"en-ID,en;q=0.9,id-ID;q=0.8,id;q=0.7,en-GB;q=0.6,en-US;q=0.5","Cookie":"PHPSESSID=otrgseh03h7bj4mercfp78q868"}
[2025-05-25 05:33:20] INFO: Request body: 
[2025-05-25 05:33:20] INFO: Controller Fetching all modules
[2025-05-25 05:33:20] INFO: Fetching all roles
[2025-05-25 05:33:20] INFO: Fetching all modules
[2025-05-25 05:34:00] INFO: Application started
[2025-05-25 05:34:00] INFO: Request method: GET
[2025-05-25 05:34:00] INFO: Request URI: /role-permissions?role_id=2
[2025-05-25 05:34:00] INFO: Request headers: {"Host":"localhost:8000","Connection":"keep-alive","Cache-Control":"max-age=0","sec-ch-ua":"\"Chromium\";v=\"136\", \"Google Chrome\";v=\"136\", \"Not.A\/Brand\";v=\"99\"","sec-ch-ua-mobile":"?0","sec-ch-ua-platform":"\"Windows\"","DNT":"1","Upgrade-Insecure-Requests":"1","User-Agent":"Mozilla\/5.0 (Windows NT 10.0; Win64; x64) AppleWebKit\/537.36 (KHTML, like Gecko) Chrome\/136.0.0.0 Safari\/537.36","Accept":"text\/html,application\/xhtml+xml,application\/xml;q=0.9,image\/avif,image\/webp,image\/apng,*\/*;q=0.8,application\/signed-exchange;v=b3;q=0.7","Sec-Fetch-Site":"same-origin","Sec-Fetch-Mode":"navigate","Sec-Fetch-User":"?1","Sec-Fetch-Dest":"document","Referer":"http:\/\/localhost:8000\/role-permissions?role_id=1","Accept-Encoding":"gzip, deflate, br, zstd","Accept-Language":"en-ID,en;q=0.9,id-ID;q=0.8,id;q=0.7,en-GB;q=0.6,en-US;q=0.5","Cookie":"PHPSESSID=otrgseh03h7bj4mercfp78q868"}
[2025-05-25 05:34:00] INFO: Request body: 
[2025-05-25 05:34:00] INFO: Controller Fetching all modules
[2025-05-25 05:34:00] INFO: Fetching all roles
[2025-05-25 05:34:00] INFO: Fetching all modules
[2025-05-25 05:34:11] INFO: Application started
[2025-05-25 05:34:11] INFO: Request method: GET
[2025-05-25 05:34:11] INFO: Request URI: /role-permissions?role_id=2
[2025-05-25 05:34:11] INFO: Request headers: {"Host":"localhost:8000","Connection":"keep-alive","Cache-Control":"max-age=0","sec-ch-ua":"\"Chromium\";v=\"136\", \"Google Chrome\";v=\"136\", \"Not.A\/Brand\";v=\"99\"","sec-ch-ua-mobile":"?0","sec-ch-ua-platform":"\"Windows\"","DNT":"1","Upgrade-Insecure-Requests":"1","User-Agent":"Mozilla\/5.0 (Windows NT 10.0; Win64; x64) AppleWebKit\/537.36 (KHTML, like Gecko) Chrome\/136.0.0.0 Safari\/537.36","Accept":"text\/html,application\/xhtml+xml,application\/xml;q=0.9,image\/avif,image\/webp,image\/apng,*\/*;q=0.8,application\/signed-exchange;v=b3;q=0.7","Sec-Fetch-Site":"same-origin","Sec-Fetch-Mode":"navigate","Sec-Fetch-User":"?1","Sec-Fetch-Dest":"document","Referer":"http:\/\/localhost:8000\/role-permissions?role_id=1","Accept-Encoding":"gzip, deflate, br, zstd","Accept-Language":"en-ID,en;q=0.9,id-ID;q=0.8,id;q=0.7,en-GB;q=0.6,en-US;q=0.5","Cookie":"PHPSESSID=otrgseh03h7bj4mercfp78q868"}
[2025-05-25 05:34:11] INFO: Request body: 
[2025-05-25 05:34:11] INFO: Controller Fetching all modules
[2025-05-25 05:34:11] INFO: Fetching all roles
[2025-05-25 05:34:11] INFO: Fetching all modules
[2025-05-25 05:35:17] INFO: Application started
[2025-05-25 05:35:17] INFO: Request method: GET
[2025-05-25 05:35:17] INFO: Request URI: /role-permissions?role_id=2
[2025-05-25 05:35:17] INFO: Request headers: {"Host":"localhost:8000","Connection":"keep-alive","Cache-Control":"max-age=0","sec-ch-ua":"\"Chromium\";v=\"136\", \"Google Chrome\";v=\"136\", \"Not.A\/Brand\";v=\"99\"","sec-ch-ua-mobile":"?0","sec-ch-ua-platform":"\"Windows\"","DNT":"1","Upgrade-Insecure-Requests":"1","User-Agent":"Mozilla\/5.0 (Windows NT 10.0; Win64; x64) AppleWebKit\/537.36 (KHTML, like Gecko) Chrome\/136.0.0.0 Safari\/537.36","Accept":"text\/html,application\/xhtml+xml,application\/xml;q=0.9,image\/avif,image\/webp,image\/apng,*\/*;q=0.8,application\/signed-exchange;v=b3;q=0.7","Sec-Fetch-Site":"same-origin","Sec-Fetch-Mode":"navigate","Sec-Fetch-User":"?1","Sec-Fetch-Dest":"document","Referer":"http:\/\/localhost:8000\/role-permissions?role_id=1","Accept-Encoding":"gzip, deflate, br, zstd","Accept-Language":"en-ID,en;q=0.9,id-ID;q=0.8,id;q=0.7,en-GB;q=0.6,en-US;q=0.5","Cookie":"PHPSESSID=otrgseh03h7bj4mercfp78q868"}
[2025-05-25 05:35:17] INFO: Request body: 
[2025-05-25 05:35:17] INFO: Controller Fetching all modules
[2025-05-25 05:35:17] INFO: Fetching all roles
[2025-05-25 05:35:17] INFO: Fetching all modules
[2025-05-25 05:43:43] INFO: Application started
[2025-05-25 05:43:43] INFO: Request method: GET
[2025-05-25 05:43:43] INFO: Request URI: /role-permissions?role_id=2
[2025-05-25 05:43:43] INFO: Request headers: {"Host":"localhost:8000","Connection":"keep-alive","Cache-Control":"max-age=0","sec-ch-ua":"\"Chromium\";v=\"136\", \"Google Chrome\";v=\"136\", \"Not.A\/Brand\";v=\"99\"","sec-ch-ua-mobile":"?0","sec-ch-ua-platform":"\"Windows\"","DNT":"1","Upgrade-Insecure-Requests":"1","User-Agent":"Mozilla\/5.0 (Windows NT 10.0; Win64; x64) AppleWebKit\/537.36 (KHTML, like Gecko) Chrome\/136.0.0.0 Safari\/537.36","Accept":"text\/html,application\/xhtml+xml,application\/xml;q=0.9,image\/avif,image\/webp,image\/apng,*\/*;q=0.8,application\/signed-exchange;v=b3;q=0.7","Sec-Fetch-Site":"same-origin","Sec-Fetch-Mode":"navigate","Sec-Fetch-User":"?1","Sec-Fetch-Dest":"document","Referer":"http:\/\/localhost:8000\/role-permissions?role_id=1","Accept-Encoding":"gzip, deflate, br, zstd","Accept-Language":"en-ID,en;q=0.9,id-ID;q=0.8,id;q=0.7,en-GB;q=0.6,en-US;q=0.5","Cookie":"PHPSESSID=otrgseh03h7bj4mercfp78q868"}
[2025-05-25 05:43:43] INFO: Request body: 
[2025-05-25 05:43:43] INFO: Controller Fetching all modules
[2025-05-25 05:43:43] INFO: Fetching all roles
[2025-05-25 05:43:43] INFO: Fetching all modules
[2025-05-25 05:44:02] INFO: Application started
[2025-05-25 05:44:02] INFO: Request method: GET
[2025-05-25 05:44:02] INFO: Request URI: /role-permissions?role_id=2
[2025-05-25 05:44:02] INFO: Request headers: {"Host":"localhost:8000","Connection":"keep-alive","Cache-Control":"max-age=0","sec-ch-ua":"\"Chromium\";v=\"136\", \"Google Chrome\";v=\"136\", \"Not.A\/Brand\";v=\"99\"","sec-ch-ua-mobile":"?0","sec-ch-ua-platform":"\"Windows\"","DNT":"1","Upgrade-Insecure-Requests":"1","User-Agent":"Mozilla\/5.0 (Windows NT 10.0; Win64; x64) AppleWebKit\/537.36 (KHTML, like Gecko) Chrome\/136.0.0.0 Safari\/537.36","Accept":"text\/html,application\/xhtml+xml,application\/xml;q=0.9,image\/avif,image\/webp,image\/apng,*\/*;q=0.8,application\/signed-exchange;v=b3;q=0.7","Sec-Fetch-Site":"same-origin","Sec-Fetch-Mode":"navigate","Sec-Fetch-User":"?1","Sec-Fetch-Dest":"document","Referer":"http:\/\/localhost:8000\/role-permissions?role_id=1","Accept-Encoding":"gzip, deflate, br, zstd","Accept-Language":"en-ID,en;q=0.9,id-ID;q=0.8,id;q=0.7,en-GB;q=0.6,en-US;q=0.5","Cookie":"PHPSESSID=otrgseh03h7bj4mercfp78q868"}
[2025-05-25 05:44:02] INFO: Request body: 
[2025-05-25 05:44:02] INFO: Controller Fetching all modules
[2025-05-25 05:44:02] INFO: Fetching all roles
[2025-05-25 05:44:02] INFO: Fetching all modules
[2025-05-25 05:44:19] INFO: Application started
[2025-05-25 05:44:19] INFO: Request method: GET
[2025-05-25 05:44:19] INFO: Request URI: /role-permissions?role_id=2
[2025-05-25 05:44:19] INFO: Request headers: {"Host":"localhost:8000","Connection":"keep-alive","Cache-Control":"max-age=0","sec-ch-ua":"\"Chromium\";v=\"136\", \"Google Chrome\";v=\"136\", \"Not.A\/Brand\";v=\"99\"","sec-ch-ua-mobile":"?0","sec-ch-ua-platform":"\"Windows\"","DNT":"1","Upgrade-Insecure-Requests":"1","User-Agent":"Mozilla\/5.0 (Windows NT 10.0; Win64; x64) AppleWebKit\/537.36 (KHTML, like Gecko) Chrome\/136.0.0.0 Safari\/537.36","Accept":"text\/html,application\/xhtml+xml,application\/xml;q=0.9,image\/avif,image\/webp,image\/apng,*\/*;q=0.8,application\/signed-exchange;v=b3;q=0.7","Sec-Fetch-Site":"same-origin","Sec-Fetch-Mode":"navigate","Sec-Fetch-User":"?1","Sec-Fetch-Dest":"document","Referer":"http:\/\/localhost:8000\/role-permissions?role_id=1","Accept-Encoding":"gzip, deflate, br, zstd","Accept-Language":"en-ID,en;q=0.9,id-ID;q=0.8,id;q=0.7,en-GB;q=0.6,en-US;q=0.5","Cookie":"PHPSESSID=otrgseh03h7bj4mercfp78q868"}
[2025-05-25 05:44:19] INFO: Request body: 
[2025-05-25 05:44:19] INFO: Controller Fetching all modules
[2025-05-25 05:44:19] INFO: Fetching all roles
[2025-05-25 05:44:19] INFO: Fetching all modules
[2025-05-25 05:44:40] INFO: Application started
[2025-05-25 05:44:40] INFO: Request method: GET
[2025-05-25 05:44:40] INFO: Request URI: /role-permissions?role_id=2
[2025-05-25 05:44:40] INFO: Request headers: {"Host":"localhost:8000","Connection":"keep-alive","Cache-Control":"max-age=0","sec-ch-ua":"\"Chromium\";v=\"136\", \"Google Chrome\";v=\"136\", \"Not.A\/Brand\";v=\"99\"","sec-ch-ua-mobile":"?0","sec-ch-ua-platform":"\"Windows\"","DNT":"1","Upgrade-Insecure-Requests":"1","User-Agent":"Mozilla\/5.0 (Windows NT 10.0; Win64; x64) AppleWebKit\/537.36 (KHTML, like Gecko) Chrome\/136.0.0.0 Safari\/537.36","Accept":"text\/html,application\/xhtml+xml,application\/xml;q=0.9,image\/avif,image\/webp,image\/apng,*\/*;q=0.8,application\/signed-exchange;v=b3;q=0.7","Sec-Fetch-Site":"same-origin","Sec-Fetch-Mode":"navigate","Sec-Fetch-User":"?1","Sec-Fetch-Dest":"document","Referer":"http:\/\/localhost:8000\/role-permissions?role_id=1","Accept-Encoding":"gzip, deflate, br, zstd","Accept-Language":"en-ID,en;q=0.9,id-ID;q=0.8,id;q=0.7,en-GB;q=0.6,en-US;q=0.5","Cookie":"PHPSESSID=otrgseh03h7bj4mercfp78q868"}
[2025-05-25 05:44:40] INFO: Request body: 
[2025-05-25 05:44:40] INFO: Controller Fetching all modules
[2025-05-25 05:44:40] INFO: Fetching all roles
[2025-05-25 05:44:40] INFO: Fetching all modules
[2025-05-25 05:44:48] INFO: Application started
[2025-05-25 05:44:48] INFO: Request method: GET
[2025-05-25 05:44:48] INFO: Request URI: /role-permissions?role_id=1
[2025-05-25 05:44:48] INFO: Request headers: {"Host":"localhost:8000","Connection":"keep-alive","sec-ch-ua":"\"Chromium\";v=\"136\", \"Google Chrome\";v=\"136\", \"Not.A\/Brand\";v=\"99\"","sec-ch-ua-mobile":"?0","sec-ch-ua-platform":"\"Windows\"","DNT":"1","Upgrade-Insecure-Requests":"1","User-Agent":"Mozilla\/5.0 (Windows NT 10.0; Win64; x64) AppleWebKit\/537.36 (KHTML, like Gecko) Chrome\/136.0.0.0 Safari\/537.36","Accept":"text\/html,application\/xhtml+xml,application\/xml;q=0.9,image\/avif,image\/webp,image\/apng,*\/*;q=0.8,application\/signed-exchange;v=b3;q=0.7","Sec-Fetch-Site":"same-origin","Sec-Fetch-Mode":"navigate","Sec-Fetch-User":"?1","Sec-Fetch-Dest":"document","Referer":"http:\/\/localhost:8000\/role-permissions?role_id=2","Accept-Encoding":"gzip, deflate, br, zstd","Accept-Language":"en-ID,en;q=0.9,id-ID;q=0.8,id;q=0.7,en-GB;q=0.6,en-US;q=0.5","Cookie":"PHPSESSID=otrgseh03h7bj4mercfp78q868"}
[2025-05-25 05:44:48] INFO: Request body: 
[2025-05-25 05:44:48] INFO: Controller Fetching all modules
[2025-05-25 05:44:48] INFO: Fetching all roles
[2025-05-25 05:44:48] INFO: Fetching all modules
[2025-05-25 05:45:24] INFO: Application started
[2025-05-25 05:45:24] INFO: Request method: GET
[2025-05-25 05:45:24] INFO: Request URI: /role-permissions?role_id=4
[2025-05-25 05:45:24] INFO: Request headers: {"Host":"localhost:8000","Connection":"keep-alive","sec-ch-ua":"\"Chromium\";v=\"136\", \"Google Chrome\";v=\"136\", \"Not.A\/Brand\";v=\"99\"","sec-ch-ua-mobile":"?0","sec-ch-ua-platform":"\"Windows\"","DNT":"1","Upgrade-Insecure-Requests":"1","User-Agent":"Mozilla\/5.0 (Windows NT 10.0; Win64; x64) AppleWebKit\/537.36 (KHTML, like Gecko) Chrome\/136.0.0.0 Safari\/537.36","Accept":"text\/html,application\/xhtml+xml,application\/xml;q=0.9,image\/avif,image\/webp,image\/apng,*\/*;q=0.8,application\/signed-exchange;v=b3;q=0.7","Sec-Fetch-Site":"same-origin","Sec-Fetch-Mode":"navigate","Sec-Fetch-User":"?1","Sec-Fetch-Dest":"document","Referer":"http:\/\/localhost:8000\/role-permissions?role_id=1","Accept-Encoding":"gzip, deflate, br, zstd","Accept-Language":"en-ID,en;q=0.9,id-ID;q=0.8,id;q=0.7,en-GB;q=0.6,en-US;q=0.5","Cookie":"PHPSESSID=otrgseh03h7bj4mercfp78q868"}
[2025-05-25 05:45:24] INFO: Request body: 
[2025-05-25 05:45:24] INFO: Controller Fetching all modules
[2025-05-25 05:45:24] INFO: Fetching all roles
[2025-05-25 05:45:24] INFO: Fetching all modules
[2025-05-25 05:45:37] INFO: Application started
[2025-05-25 05:45:37] INFO: Request method: POST
[2025-05-25 05:45:37] INFO: Request URI: /role-permissions/update
[2025-05-25 05:45:37] INFO: Request headers: {"Host":"localhost:8000","Connection":"keep-alive","Content-Length":"117","Cache-Control":"max-age=0","sec-ch-ua":"\"Chromium\";v=\"136\", \"Google Chrome\";v=\"136\", \"Not.A\/Brand\";v=\"99\"","sec-ch-ua-mobile":"?0","sec-ch-ua-platform":"\"Windows\"","Origin":"http:\/\/localhost:8000","DNT":"1","Upgrade-Insecure-Requests":"1","Content-Type":"application\/x-www-form-urlencoded","User-Agent":"Mozilla\/5.0 (Windows NT 10.0; Win64; x64) AppleWebKit\/537.36 (KHTML, like Gecko) Chrome\/136.0.0.0 Safari\/537.36","Accept":"text\/html,application\/xhtml+xml,application\/xml;q=0.9,image\/avif,image\/webp,image\/apng,*\/*;q=0.8,application\/signed-exchange;v=b3;q=0.7","Sec-Fetch-Site":"same-origin","Sec-Fetch-Mode":"navigate","Sec-Fetch-User":"?1","Sec-Fetch-Dest":"document","Referer":"http:\/\/localhost:8000\/role-permissions?role_id=4","Accept-Encoding":"gzip, deflate, br, zstd","Accept-Language":"en-ID,en;q=0.9,id-ID;q=0.8,id;q=0.7,en-GB;q=0.6,en-US;q=0.5","Cookie":"PHPSESSID=otrgseh03h7bj4mercfp78q868"}
[2025-05-25 05:45:37] INFO: Request body: role_id=4&permissions%5B4%5D%5B%5D=5&permissions%5B5%5D%5B%5D=5&permissions%5B6%5D%5B%5D=5&permissions%5B7%5D%5B%5D=5
[2025-05-25 05:46:32] INFO: Application started
[2025-05-25 05:46:32] INFO: Request method: GET
[2025-05-25 05:46:32] INFO: Request URI: /role-permissions?role_id=4
[2025-05-25 05:46:32] INFO: Request headers: {"Host":"localhost:8000","Connection":"keep-alive","Cache-Control":"max-age=0","sec-ch-ua":"\"Chromium\";v=\"136\", \"Google Chrome\";v=\"136\", \"Not.A\/Brand\";v=\"99\"","sec-ch-ua-mobile":"?0","sec-ch-ua-platform":"\"Windows\"","DNT":"1","Upgrade-Insecure-Requests":"1","User-Agent":"Mozilla\/5.0 (Windows NT 10.0; Win64; x64) AppleWebKit\/537.36 (KHTML, like Gecko) Chrome\/136.0.0.0 Safari\/537.36","Accept":"text\/html,application\/xhtml+xml,application\/xml;q=0.9,image\/avif,image\/webp,image\/apng,*\/*;q=0.8,application\/signed-exchange;v=b3;q=0.7","Sec-Fetch-Site":"same-origin","Sec-Fetch-Mode":"navigate","Sec-Fetch-User":"?1","Sec-Fetch-Dest":"document","Referer":"http:\/\/localhost:8000\/role-permissions?role_id=1","Accept-Encoding":"gzip, deflate, br, zstd","Accept-Language":"en-ID,en;q=0.9,id-ID;q=0.8,id;q=0.7,en-GB;q=0.6,en-US;q=0.5","Cookie":"PHPSESSID=otrgseh03h7bj4mercfp78q868"}
[2025-05-25 05:46:32] INFO: Request body: 
[2025-05-25 05:46:32] INFO: Controller Fetching all modules
[2025-05-25 05:46:32] INFO: Fetching all roles
[2025-05-25 05:46:32] INFO: Fetching all modules
[2025-05-25 05:46:36] INFO: Application started
[2025-05-25 05:46:36] INFO: Request method: GET
[2025-05-25 05:46:36] INFO: Request URI: /role-permissions?role_id=1
[2025-05-25 05:46:36] INFO: Request headers: {"Host":"localhost:8000","Connection":"keep-alive","sec-ch-ua":"\"Chromium\";v=\"136\", \"Google Chrome\";v=\"136\", \"Not.A\/Brand\";v=\"99\"","sec-ch-ua-mobile":"?0","sec-ch-ua-platform":"\"Windows\"","DNT":"1","Upgrade-Insecure-Requests":"1","User-Agent":"Mozilla\/5.0 (Windows NT 10.0; Win64; x64) AppleWebKit\/537.36 (KHTML, like Gecko) Chrome\/136.0.0.0 Safari\/537.36","Accept":"text\/html,application\/xhtml+xml,application\/xml;q=0.9,image\/avif,image\/webp,image\/apng,*\/*;q=0.8,application\/signed-exchange;v=b3;q=0.7","Sec-Fetch-Site":"same-origin","Sec-Fetch-Mode":"navigate","Sec-Fetch-User":"?1","Sec-Fetch-Dest":"document","Referer":"http:\/\/localhost:8000\/role-permissions?role_id=4","Accept-Encoding":"gzip, deflate, br, zstd","Accept-Language":"en-ID,en;q=0.9,id-ID;q=0.8,id;q=0.7,en-GB;q=0.6,en-US;q=0.5","Cookie":"PHPSESSID=otrgseh03h7bj4mercfp78q868"}
[2025-05-25 05:46:36] INFO: Request body: 
[2025-05-25 05:46:36] INFO: Controller Fetching all modules
[2025-05-25 05:46:36] INFO: Fetching all roles
[2025-05-25 05:46:36] INFO: Fetching all modules
[2025-05-25 05:46:41] INFO: Application started
[2025-05-25 05:46:41] INFO: Request method: GET
[2025-05-25 05:46:41] INFO: Request URI: /role-permissions?role_id=4
[2025-05-25 05:46:41] INFO: Request headers: {"Host":"localhost:8000","Connection":"keep-alive","sec-ch-ua":"\"Chromium\";v=\"136\", \"Google Chrome\";v=\"136\", \"Not.A\/Brand\";v=\"99\"","sec-ch-ua-mobile":"?0","sec-ch-ua-platform":"\"Windows\"","DNT":"1","Upgrade-Insecure-Requests":"1","User-Agent":"Mozilla\/5.0 (Windows NT 10.0; Win64; x64) AppleWebKit\/537.36 (KHTML, like Gecko) Chrome\/136.0.0.0 Safari\/537.36","Accept":"text\/html,application\/xhtml+xml,application\/xml;q=0.9,image\/avif,image\/webp,image\/apng,*\/*;q=0.8,application\/signed-exchange;v=b3;q=0.7","Sec-Fetch-Site":"same-origin","Sec-Fetch-Mode":"navigate","Sec-Fetch-User":"?1","Sec-Fetch-Dest":"document","Referer":"http:\/\/localhost:8000\/role-permissions?role_id=1","Accept-Encoding":"gzip, deflate, br, zstd","Accept-Language":"en-ID,en;q=0.9,id-ID;q=0.8,id;q=0.7,en-GB;q=0.6,en-US;q=0.5","Cookie":"PHPSESSID=otrgseh03h7bj4mercfp78q868"}
[2025-05-25 05:46:41] INFO: Request body: 
[2025-05-25 05:46:41] INFO: Controller Fetching all modules
[2025-05-25 05:46:41] INFO: Fetching all roles
[2025-05-25 05:46:41] INFO: Fetching all modules
[2025-05-25 05:46:43] INFO: Application started
[2025-05-25 05:46:43] INFO: Request method: GET
[2025-05-25 05:46:43] INFO: Request URI: /role-permissions?role_id=1
[2025-05-25 05:46:43] INFO: Request headers: {"Host":"localhost:8000","Connection":"keep-alive","sec-ch-ua":"\"Chromium\";v=\"136\", \"Google Chrome\";v=\"136\", \"Not.A\/Brand\";v=\"99\"","sec-ch-ua-mobile":"?0","sec-ch-ua-platform":"\"Windows\"","DNT":"1","Upgrade-Insecure-Requests":"1","User-Agent":"Mozilla\/5.0 (Windows NT 10.0; Win64; x64) AppleWebKit\/537.36 (KHTML, like Gecko) Chrome\/136.0.0.0 Safari\/537.36","Accept":"text\/html,application\/xhtml+xml,application\/xml;q=0.9,image\/avif,image\/webp,image\/apng,*\/*;q=0.8,application\/signed-exchange;v=b3;q=0.7","Sec-Fetch-Site":"same-origin","Sec-Fetch-Mode":"navigate","Sec-Fetch-User":"?1","Sec-Fetch-Dest":"document","Referer":"http:\/\/localhost:8000\/role-permissions?role_id=4","Accept-Encoding":"gzip, deflate, br, zstd","Accept-Language":"en-ID,en;q=0.9,id-ID;q=0.8,id;q=0.7,en-GB;q=0.6,en-US;q=0.5","Cookie":"PHPSESSID=otrgseh03h7bj4mercfp78q868"}
[2025-05-25 05:46:43] INFO: Request body: 
[2025-05-25 05:46:43] INFO: Controller Fetching all modules
[2025-05-25 05:46:43] INFO: Fetching all roles
[2025-05-25 05:46:43] INFO: Fetching all modules
[2025-05-25 05:48:24] INFO: Application started
[2025-05-25 05:48:24] INFO: Request method: GET
[2025-05-25 05:48:24] INFO: Request URI: /role-permissions?role_id=4
[2025-05-25 05:48:24] INFO: Request headers: {"Host":"localhost:8000","Connection":"keep-alive","sec-ch-ua":"\"Chromium\";v=\"136\", \"Google Chrome\";v=\"136\", \"Not.A\/Brand\";v=\"99\"","sec-ch-ua-mobile":"?0","sec-ch-ua-platform":"\"Windows\"","DNT":"1","Upgrade-Insecure-Requests":"1","User-Agent":"Mozilla\/5.0 (Windows NT 10.0; Win64; x64) AppleWebKit\/537.36 (KHTML, like Gecko) Chrome\/136.0.0.0 Safari\/537.36","Accept":"text\/html,application\/xhtml+xml,application\/xml;q=0.9,image\/avif,image\/webp,image\/apng,*\/*;q=0.8,application\/signed-exchange;v=b3;q=0.7","Sec-Fetch-Site":"same-origin","Sec-Fetch-Mode":"navigate","Sec-Fetch-User":"?1","Sec-Fetch-Dest":"document","Referer":"http:\/\/localhost:8000\/role-permissions?role_id=1","Accept-Encoding":"gzip, deflate, br, zstd","Accept-Language":"en-ID,en;q=0.9,id-ID;q=0.8,id;q=0.7,en-GB;q=0.6,en-US;q=0.5","Cookie":"PHPSESSID=otrgseh03h7bj4mercfp78q868"}
[2025-05-25 05:48:24] INFO: Request body: 
[2025-05-25 05:48:24] INFO: Controller Fetching all modules
[2025-05-25 05:48:24] INFO: Fetching all roles
[2025-05-25 05:48:24] INFO: Fetching all modules
[2025-05-25 05:48:35] INFO: Application started
[2025-05-25 05:48:35] INFO: Request method: POST
[2025-05-25 05:48:35] INFO: Request URI: /role-permissions/update
[2025-05-25 05:48:35] INFO: Request headers: {"Host":"localhost:8000","Connection":"keep-alive","Content-Length":"221","Cache-Control":"max-age=0","sec-ch-ua":"\"Chromium\";v=\"136\", \"Google Chrome\";v=\"136\", \"Not.A\/Brand\";v=\"99\"","sec-ch-ua-mobile":"?0","sec-ch-ua-platform":"\"Windows\"","Origin":"http:\/\/localhost:8000","DNT":"1","Upgrade-Insecure-Requests":"1","Content-Type":"application\/x-www-form-urlencoded","User-Agent":"Mozilla\/5.0 (Windows NT 10.0; Win64; x64) AppleWebKit\/537.36 (KHTML, like Gecko) Chrome\/136.0.0.0 Safari\/537.36","Accept":"text\/html,application\/xhtml+xml,application\/xml;q=0.9,image\/avif,image\/webp,image\/apng,*\/*;q=0.8,application\/signed-exchange;v=b3;q=0.7","Sec-Fetch-Site":"same-origin","Sec-Fetch-Mode":"navigate","Sec-Fetch-User":"?1","Sec-Fetch-Dest":"document","Referer":"http:\/\/localhost:8000\/role-permissions?role_id=4","Accept-Encoding":"gzip, deflate, br, zstd","Accept-Language":"en-ID,en;q=0.9,id-ID;q=0.8,id;q=0.7,en-GB;q=0.6,en-US;q=0.5","Cookie":"PHPSESSID=otrgseh03h7bj4mercfp78q868"}
[2025-05-25 05:48:35] INFO: Request body: _csrf_token=4014c828e795fba9ee4d7a2ea48c086937d08a5e777b3323cd60cf37882a48f2&role_id=4&permissions%5B1%5D%5B%5D=5&permissions%5B4%5D%5B%5D=5&permissions%5B5%5D%5B%5D=5&permissions%5B6%5D%5B%5D=5&permissions%5B7%5D%5B%5D=5
[2025-05-25 05:48:35] INFO: Controller Updating role permissions
[2025-05-25 05:48:35] INFO: Application started
[2025-05-25 05:48:35] INFO: Request method: GET
[2025-05-25 05:48:35] INFO: Request URI: /role-permissions
[2025-05-25 05:48:35] INFO: Request headers: {"Host":"localhost:8000","Connection":"keep-alive","Cache-Control":"max-age=0","DNT":"1","Upgrade-Insecure-Requests":"1","User-Agent":"Mozilla\/5.0 (Windows NT 10.0; Win64; x64) AppleWebKit\/537.36 (KHTML, like Gecko) Chrome\/136.0.0.0 Safari\/537.36","Accept":"text\/html,application\/xhtml+xml,application\/xml;q=0.9,image\/avif,image\/webp,image\/apng,*\/*;q=0.8,application\/signed-exchange;v=b3;q=0.7","Sec-Fetch-Site":"same-origin","Sec-Fetch-Mode":"navigate","Sec-Fetch-User":"?1","Sec-Fetch-Dest":"document","sec-ch-ua":"\"Chromium\";v=\"136\", \"Google Chrome\";v=\"136\", \"Not.A\/Brand\";v=\"99\"","sec-ch-ua-mobile":"?0","sec-ch-ua-platform":"\"Windows\"","Referer":"http:\/\/localhost:8000\/role-permissions?role_id=4","Accept-Encoding":"gzip, deflate, br, zstd","Accept-Language":"en-ID,en;q=0.9,id-ID;q=0.8,id;q=0.7,en-GB;q=0.6,en-US;q=0.5","Cookie":"PHPSESSID=otrgseh03h7bj4mercfp78q868"}
[2025-05-25 05:48:35] INFO: Request body: 
[2025-05-25 05:48:35] INFO: Controller Fetching all modules
[2025-05-25 05:48:35] INFO: Fetching all roles
[2025-05-25 05:48:35] INFO: Fetching all modules
[2025-05-25 05:49:34] INFO: Application started
[2025-05-25 05:49:34] INFO: Request method: GET
[2025-05-25 05:49:34] INFO: Request URI: /role-permissions
[2025-05-25 05:49:34] INFO: Request headers: {"Host":"localhost:8000","Connection":"keep-alive","Cache-Control":"max-age=0","sec-ch-ua":"\"Chromium\";v=\"136\", \"Google Chrome\";v=\"136\", \"Not.A\/Brand\";v=\"99\"","sec-ch-ua-mobile":"?0","sec-ch-ua-platform":"\"Windows\"","DNT":"1","Upgrade-Insecure-Requests":"1","User-Agent":"Mozilla\/5.0 (Windows NT 10.0; Win64; x64) AppleWebKit\/537.36 (KHTML, like Gecko) Chrome\/136.0.0.0 Safari\/537.36","Accept":"text\/html,application\/xhtml+xml,application\/xml;q=0.9,image\/avif,image\/webp,image\/apng,*\/*;q=0.8,application\/signed-exchange;v=b3;q=0.7","Sec-Fetch-Site":"same-origin","Sec-Fetch-Mode":"navigate","Sec-Fetch-User":"?1","Sec-Fetch-Dest":"document","Referer":"http:\/\/localhost:8000\/role-permissions?role_id=4","Accept-Encoding":"gzip, deflate, br, zstd","Accept-Language":"en-ID,en;q=0.9,id-ID;q=0.8,id;q=0.7,en-GB;q=0.6,en-US;q=0.5","Cookie":"PHPSESSID=otrgseh03h7bj4mercfp78q868"}
[2025-05-25 05:49:34] INFO: Request body: 
[2025-05-25 05:49:34] INFO: Controller Fetching all modules
[2025-05-25 05:49:34] INFO: Fetching all roles
[2025-05-25 05:49:34] INFO: Fetching all modules
[2025-05-25 05:49:37] INFO: Application started
[2025-05-25 05:49:37] INFO: Request method: GET
[2025-05-25 05:49:37] INFO: Request URI: /role-permissions?role_id=4
[2025-05-25 05:49:37] INFO: Request headers: {"Host":"localhost:8000","Connection":"keep-alive","sec-ch-ua":"\"Chromium\";v=\"136\", \"Google Chrome\";v=\"136\", \"Not.A\/Brand\";v=\"99\"","sec-ch-ua-mobile":"?0","sec-ch-ua-platform":"\"Windows\"","DNT":"1","Upgrade-Insecure-Requests":"1","User-Agent":"Mozilla\/5.0 (Windows NT 10.0; Win64; x64) AppleWebKit\/537.36 (KHTML, like Gecko) Chrome\/136.0.0.0 Safari\/537.36","Accept":"text\/html,application\/xhtml+xml,application\/xml;q=0.9,image\/avif,image\/webp,image\/apng,*\/*;q=0.8,application\/signed-exchange;v=b3;q=0.7","Sec-Fetch-Site":"same-origin","Sec-Fetch-Mode":"navigate","Sec-Fetch-User":"?1","Sec-Fetch-Dest":"document","Referer":"http:\/\/localhost:8000\/role-permissions","Accept-Encoding":"gzip, deflate, br, zstd","Accept-Language":"en-ID,en;q=0.9,id-ID;q=0.8,id;q=0.7,en-GB;q=0.6,en-US;q=0.5","Cookie":"PHPSESSID=otrgseh03h7bj4mercfp78q868"}
[2025-05-25 05:49:37] INFO: Request body: 
[2025-05-25 05:49:37] INFO: Controller Fetching all modules
[2025-05-25 05:49:37] INFO: Fetching all roles
[2025-05-25 05:49:37] INFO: Fetching all modules
[2025-05-25 05:49:46] INFO: Application started
[2025-05-25 05:49:46] INFO: Request method: POST
[2025-05-25 05:49:46] INFO: Request URI: /role-permissions/update
[2025-05-25 05:49:46] INFO: Request headers: {"Host":"localhost:8000","Connection":"keep-alive","Content-Length":"194","Cache-Control":"max-age=0","sec-ch-ua":"\"Chromium\";v=\"136\", \"Google Chrome\";v=\"136\", \"Not.A\/Brand\";v=\"99\"","sec-ch-ua-mobile":"?0","sec-ch-ua-platform":"\"Windows\"","Origin":"http:\/\/localhost:8000","DNT":"1","Upgrade-Insecure-Requests":"1","Content-Type":"application\/x-www-form-urlencoded","User-Agent":"Mozilla\/5.0 (Windows NT 10.0; Win64; x64) AppleWebKit\/537.36 (KHTML, like Gecko) Chrome\/136.0.0.0 Safari\/537.36","Accept":"text\/html,application\/xhtml+xml,application\/xml;q=0.9,image\/avif,image\/webp,image\/apng,*\/*;q=0.8,application\/signed-exchange;v=b3;q=0.7","Sec-Fetch-Site":"same-origin","Sec-Fetch-Mode":"navigate","Sec-Fetch-User":"?1","Sec-Fetch-Dest":"document","Referer":"http:\/\/localhost:8000\/role-permissions?role_id=4","Accept-Encoding":"gzip, deflate, br, zstd","Accept-Language":"en-ID,en;q=0.9,id-ID;q=0.8,id;q=0.7,en-GB;q=0.6,en-US;q=0.5","Cookie":"PHPSESSID=otrgseh03h7bj4mercfp78q868"}
[2025-05-25 05:49:46] INFO: Request body: _csrf_token=4014c828e795fba9ee4d7a2ea48c086937d08a5e777b3323cd60cf37882a48f2&role_id=4&permissions%5B1%5D%5B%5D=5&permissions%5B4%5D%5B%5D=5&permissions%5B5%5D%5B%5D=5&permissions%5B6%5D%5B%5D=5
[2025-05-25 05:49:46] INFO: Controller Updating role permissions
[2025-05-25 05:50:48] INFO: Application started
[2025-05-25 05:50:48] INFO: Request method: POST
[2025-05-25 05:50:48] INFO: Request URI: /role-permissions/update
[2025-05-25 05:50:48] INFO: Request headers: {"Host":"localhost:8000","Connection":"keep-alive","Content-Length":"194","Cache-Control":"max-age=0","sec-ch-ua":"\"Chromium\";v=\"136\", \"Google Chrome\";v=\"136\", \"Not.A\/Brand\";v=\"99\"","sec-ch-ua-mobile":"?0","sec-ch-ua-platform":"\"Windows\"","DNT":"1","Upgrade-Insecure-Requests":"1","User-Agent":"Mozilla\/5.0 (Windows NT 10.0; Win64; x64) AppleWebKit\/537.36 (KHTML, like Gecko) Chrome\/136.0.0.0 Safari\/537.36","Origin":"http:\/\/localhost:8000","Content-Type":"application\/x-www-form-urlencoded","Accept":"text\/html,application\/xhtml+xml,application\/xml;q=0.9,image\/avif,image\/webp,image\/apng,*\/*;q=0.8,application\/signed-exchange;v=b3;q=0.7","Sec-Fetch-Site":"same-origin","Sec-Fetch-Mode":"navigate","Sec-Fetch-User":"?1","Sec-Fetch-Dest":"document","Referer":"http:\/\/localhost:8000\/role-permissions?role_id=4","Accept-Encoding":"gzip, deflate, br, zstd","Accept-Language":"en-ID,en;q=0.9,id-ID;q=0.8,id;q=0.7,en-GB;q=0.6,en-US;q=0.5","Cookie":"PHPSESSID=otrgseh03h7bj4mercfp78q868"}
[2025-05-25 05:50:48] INFO: Request body: _csrf_token=4014c828e795fba9ee4d7a2ea48c086937d08a5e777b3323cd60cf37882a48f2&role_id=4&permissions%5B1%5D%5B%5D=5&permissions%5B4%5D%5B%5D=5&permissions%5B5%5D%5B%5D=5&permissions%5B6%5D%5B%5D=5
[2025-05-25 05:50:48] INFO: Controller Updating role permissions
[2025-05-25 05:51:51] INFO: Application started
[2025-05-25 05:51:51] INFO: Request method: GET
[2025-05-25 05:51:51] INFO: Request URI: /role-permissions?role_id=4
[2025-05-25 05:51:51] INFO: Request headers: {"Host":"localhost:8000","Connection":"keep-alive","sec-ch-ua":"\"Chromium\";v=\"136\", \"Google Chrome\";v=\"136\", \"Not.A\/Brand\";v=\"99\"","sec-ch-ua-mobile":"?0","sec-ch-ua-platform":"\"Windows\"","DNT":"1","Upgrade-Insecure-Requests":"1","User-Agent":"Mozilla\/5.0 (Windows NT 10.0; Win64; x64) AppleWebKit\/537.36 (KHTML, like Gecko) Chrome\/136.0.0.0 Safari\/537.36","Accept":"text\/html,application\/xhtml+xml,application\/xml;q=0.9,image\/avif,image\/webp,image\/apng,*\/*;q=0.8,application\/signed-exchange;v=b3;q=0.7","Sec-Fetch-Site":"same-origin","Sec-Fetch-Mode":"navigate","Sec-Fetch-Dest":"document","Referer":"http:\/\/localhost:8000\/role-permissions","Accept-Encoding":"gzip, deflate, br, zstd","Accept-Language":"en-ID,en;q=0.9,id-ID;q=0.8,id;q=0.7,en-GB;q=0.6,en-US;q=0.5","Cookie":"PHPSESSID=otrgseh03h7bj4mercfp78q868"}
[2025-05-25 05:51:51] INFO: Request body: 
[2025-05-25 05:51:51] INFO: Controller Fetching all modules
[2025-05-25 05:51:51] INFO: Fetching all roles
[2025-05-25 05:51:51] INFO: Fetching all modules
[2025-05-25 05:51:53] INFO: Application started
[2025-05-25 05:51:53] INFO: Request method: GET
[2025-05-25 05:51:53] INFO: Request URI: /role-permissions?role_id=4
[2025-05-25 05:51:53] INFO: Request headers: {"Host":"localhost:8000","Connection":"keep-alive","Cache-Control":"max-age=0","sec-ch-ua":"\"Chromium\";v=\"136\", \"Google Chrome\";v=\"136\", \"Not.A\/Brand\";v=\"99\"","sec-ch-ua-mobile":"?0","sec-ch-ua-platform":"\"Windows\"","DNT":"1","Upgrade-Insecure-Requests":"1","User-Agent":"Mozilla\/5.0 (Windows NT 10.0; Win64; x64) AppleWebKit\/537.36 (KHTML, like Gecko) Chrome\/136.0.0.0 Safari\/537.36","Accept":"text\/html,application\/xhtml+xml,application\/xml;q=0.9,image\/avif,image\/webp,image\/apng,*\/*;q=0.8,application\/signed-exchange;v=b3;q=0.7","Sec-Fetch-Site":"same-origin","Sec-Fetch-Mode":"navigate","Sec-Fetch-User":"?1","Sec-Fetch-Dest":"document","Referer":"http:\/\/localhost:8000\/role-permissions","Accept-Encoding":"gzip, deflate, br, zstd","Accept-Language":"en-ID,en;q=0.9,id-ID;q=0.8,id;q=0.7,en-GB;q=0.6,en-US;q=0.5","Cookie":"PHPSESSID=otrgseh03h7bj4mercfp78q868"}
[2025-05-25 05:51:53] INFO: Request body: 
[2025-05-25 05:51:53] INFO: Controller Fetching all modules
[2025-05-25 05:51:53] INFO: Fetching all roles
[2025-05-25 05:51:53] INFO: Fetching all modules
[2025-05-25 06:03:37] INFO: Application started
[2025-05-25 06:03:37] INFO: Request method: GET
[2025-05-25 06:03:37] INFO: Request URI: /role-permissions?role_id=4
[2025-05-25 06:03:37] INFO: Request headers: {"Host":"localhost:8000","Connection":"keep-alive","Cache-Control":"max-age=0","sec-ch-ua":"\"Chromium\";v=\"136\", \"Google Chrome\";v=\"136\", \"Not.A\/Brand\";v=\"99\"","sec-ch-ua-mobile":"?0","sec-ch-ua-platform":"\"Windows\"","DNT":"1","Upgrade-Insecure-Requests":"1","User-Agent":"Mozilla\/5.0 (Windows NT 10.0; Win64; x64) AppleWebKit\/537.36 (KHTML, like Gecko) Chrome\/136.0.0.0 Safari\/537.36","Accept":"text\/html,application\/xhtml+xml,application\/xml;q=0.9,image\/avif,image\/webp,image\/apng,*\/*;q=0.8,application\/signed-exchange;v=b3;q=0.7","Sec-Fetch-Site":"same-origin","Sec-Fetch-Mode":"navigate","Sec-Fetch-User":"?1","Sec-Fetch-Dest":"document","Referer":"http:\/\/localhost:8000\/role-permissions","Accept-Encoding":"gzip, deflate, br, zstd","Accept-Language":"en-ID,en;q=0.9,id-ID;q=0.8,id;q=0.7,en-GB;q=0.6,en-US;q=0.5","Cookie":"PHPSESSID=otrgseh03h7bj4mercfp78q868"}
[2025-05-25 06:03:37] INFO: Request body: 
[2025-05-25 06:03:37] INFO: Controller Fetching all modules
[2025-05-25 06:03:37] INFO: Fetching all roles
[2025-05-25 06:03:37] INFO: Fetching all modules
[2025-05-25 06:03:48] INFO: Application started
[2025-05-25 06:03:48] INFO: Request method: GET
[2025-05-25 06:03:48] INFO: Request URI: /role-permissions?role_id=1
[2025-05-25 06:03:48] INFO: Request headers: {"Host":"localhost:8000","Connection":"keep-alive","sec-ch-ua":"\"Chromium\";v=\"136\", \"Google Chrome\";v=\"136\", \"Not.A\/Brand\";v=\"99\"","sec-ch-ua-mobile":"?0","sec-ch-ua-platform":"\"Windows\"","DNT":"1","Upgrade-Insecure-Requests":"1","User-Agent":"Mozilla\/5.0 (Windows NT 10.0; Win64; x64) AppleWebKit\/537.36 (KHTML, like Gecko) Chrome\/136.0.0.0 Safari\/537.36","Accept":"text\/html,application\/xhtml+xml,application\/xml;q=0.9,image\/avif,image\/webp,image\/apng,*\/*;q=0.8,application\/signed-exchange;v=b3;q=0.7","Sec-Fetch-Site":"same-origin","Sec-Fetch-Mode":"navigate","Sec-Fetch-User":"?1","Sec-Fetch-Dest":"document","Referer":"http:\/\/localhost:8000\/role-permissions?role_id=4","Accept-Encoding":"gzip, deflate, br, zstd","Accept-Language":"en-ID,en;q=0.9,id-ID;q=0.8,id;q=0.7,en-GB;q=0.6,en-US;q=0.5","Cookie":"PHPSESSID=otrgseh03h7bj4mercfp78q868"}
[2025-05-25 06:03:48] INFO: Request body: 
[2025-05-25 06:03:48] INFO: Controller Fetching all modules
[2025-05-25 06:03:48] INFO: Fetching all roles
[2025-05-25 06:03:48] INFO: Fetching all modules
[2025-05-25 06:05:15] INFO: Application started
[2025-05-25 06:05:15] INFO: Request method: GET
[2025-05-25 06:05:15] INFO: Request URI: /role-permissions?role_id=1
[2025-05-25 06:05:15] INFO: Request headers: {"Host":"localhost:8000","Connection":"keep-alive","Cache-Control":"max-age=0","sec-ch-ua":"\"Chromium\";v=\"136\", \"Google Chrome\";v=\"136\", \"Not.A\/Brand\";v=\"99\"","sec-ch-ua-mobile":"?0","sec-ch-ua-platform":"\"Windows\"","DNT":"1","Upgrade-Insecure-Requests":"1","User-Agent":"Mozilla\/5.0 (Windows NT 10.0; Win64; x64) AppleWebKit\/537.36 (KHTML, like Gecko) Chrome\/136.0.0.0 Safari\/537.36","Accept":"text\/html,application\/xhtml+xml,application\/xml;q=0.9,image\/avif,image\/webp,image\/apng,*\/*;q=0.8,application\/signed-exchange;v=b3;q=0.7","Sec-Fetch-Site":"same-origin","Sec-Fetch-Mode":"navigate","Sec-Fetch-User":"?1","Sec-Fetch-Dest":"document","Referer":"http:\/\/localhost:8000\/role-permissions?role_id=4","Accept-Encoding":"gzip, deflate, br, zstd","Accept-Language":"en-ID,en;q=0.9,id-ID;q=0.8,id;q=0.7,en-GB;q=0.6,en-US;q=0.5","Cookie":"PHPSESSID=otrgseh03h7bj4mercfp78q868"}
[2025-05-25 06:05:15] INFO: Request body: 
[2025-05-25 06:05:15] INFO: Controller Fetching all modules
[2025-05-25 06:05:15] INFO: Fetching all roles
[2025-05-25 06:05:15] INFO: Fetching all modules
[2025-05-25 06:05:27] INFO: Application started
[2025-05-25 06:05:27] INFO: Request method: POST
[2025-05-25 06:05:27] INFO: Request URI: /role-permissions/update
[2025-05-25 06:05:27] INFO: Request headers: {"Host":"localhost:8000","Connection":"keep-alive","Content-Length":"356","Cache-Control":"max-age=0","sec-ch-ua":"\"Chromium\";v=\"136\", \"Google Chrome\";v=\"136\", \"Not.A\/Brand\";v=\"99\"","sec-ch-ua-mobile":"?0","sec-ch-ua-platform":"\"Windows\"","Origin":"http:\/\/localhost:8000","DNT":"1","Upgrade-Insecure-Requests":"1","Content-Type":"application\/x-www-form-urlencoded","User-Agent":"Mozilla\/5.0 (Windows NT 10.0; Win64; x64) AppleWebKit\/537.36 (KHTML, like Gecko) Chrome\/136.0.0.0 Safari\/537.36","Accept":"text\/html,application\/xhtml+xml,application\/xml;q=0.9,image\/avif,image\/webp,image\/apng,*\/*;q=0.8,application\/signed-exchange;v=b3;q=0.7","Sec-Fetch-Site":"same-origin","Sec-Fetch-Mode":"navigate","Sec-Fetch-User":"?1","Sec-Fetch-Dest":"document","Referer":"http:\/\/localhost:8000\/role-permissions?role_id=1","Accept-Encoding":"gzip, deflate, br, zstd","Accept-Language":"en-ID,en;q=0.9,id-ID;q=0.8,id;q=0.7,en-GB;q=0.6,en-US;q=0.5","Cookie":"PHPSESSID=otrgseh03h7bj4mercfp78q868"}
[2025-05-25 06:05:27] INFO: Request body: _csrf_token=4014c828e795fba9ee4d7a2ea48c086937d08a5e777b3323cd60cf37882a48f2&role_id=1&permissions%5B1%5D%5B%5D=5&permissions%5B4%5D%5B%5D=5&permissions%5B4%5D%5B%5D=6&permissions%5B4%5D%5B%5D=7&permissions%5B4%5D%5B%5D=8&permissions%5B5%5D%5B%5D=5&permissions%5B5%5D%5B%5D=6&permissions%5B6%5D%5B%5D=5&permissions%5B7%5D%5B%5D=5&permissions%5B7%5D%5B%5D=7
[2025-05-25 06:05:27] INFO: Controller Updating role permissions
[2025-05-25 06:05:27] INFO: Application started
[2025-05-25 06:05:27] INFO: Request method: GET
[2025-05-25 06:05:27] INFO: Request URI: /role-permissions?role_id=1
[2025-05-25 06:05:27] INFO: Request headers: {"Host":"localhost:8000","Connection":"keep-alive","Cache-Control":"max-age=0","DNT":"1","Upgrade-Insecure-Requests":"1","User-Agent":"Mozilla\/5.0 (Windows NT 10.0; Win64; x64) AppleWebKit\/537.36 (KHTML, like Gecko) Chrome\/136.0.0.0 Safari\/537.36","Accept":"text\/html,application\/xhtml+xml,application\/xml;q=0.9,image\/avif,image\/webp,image\/apng,*\/*;q=0.8,application\/signed-exchange;v=b3;q=0.7","Sec-Fetch-Site":"same-origin","Sec-Fetch-Mode":"navigate","Sec-Fetch-User":"?1","Sec-Fetch-Dest":"document","sec-ch-ua":"\"Chromium\";v=\"136\", \"Google Chrome\";v=\"136\", \"Not.A\/Brand\";v=\"99\"","sec-ch-ua-mobile":"?0","sec-ch-ua-platform":"\"Windows\"","Referer":"http:\/\/localhost:8000\/role-permissions?role_id=1","Accept-Encoding":"gzip, deflate, br, zstd","Accept-Language":"en-ID,en;q=0.9,id-ID;q=0.8,id;q=0.7,en-GB;q=0.6,en-US;q=0.5","Cookie":"PHPSESSID=otrgseh03h7bj4mercfp78q868"}
[2025-05-25 06:05:27] INFO: Request body: 
[2025-05-25 06:05:27] INFO: Controller Fetching all modules
[2025-05-25 06:05:27] INFO: Fetching all roles
[2025-05-25 06:05:27] INFO: Fetching all modules
[2025-05-25 06:10:50] INFO: Application started
[2025-05-25 06:10:50] INFO: Request method: GET
[2025-05-25 06:10:50] INFO: Request URI: /role-permissions?role_id=1
[2025-05-25 06:10:50] INFO: Request headers: {"Host":"localhost:8000","Connection":"keep-alive","Cache-Control":"max-age=0","sec-ch-ua":"\"Chromium\";v=\"136\", \"Google Chrome\";v=\"136\", \"Not.A\/Brand\";v=\"99\"","sec-ch-ua-mobile":"?0","sec-ch-ua-platform":"\"Windows\"","DNT":"1","Upgrade-Insecure-Requests":"1","User-Agent":"Mozilla\/5.0 (Windows NT 10.0; Win64; x64) AppleWebKit\/537.36 (KHTML, like Gecko) Chrome\/136.0.0.0 Safari\/537.36","Accept":"text\/html,application\/xhtml+xml,application\/xml;q=0.9,image\/avif,image\/webp,image\/apng,*\/*;q=0.8,application\/signed-exchange;v=b3;q=0.7","Sec-Fetch-Site":"same-origin","Sec-Fetch-Mode":"navigate","Sec-Fetch-User":"?1","Sec-Fetch-Dest":"document","Referer":"http:\/\/localhost:8000\/role-permissions?role_id=1","Accept-Encoding":"gzip, deflate, br, zstd","Accept-Language":"en-ID,en;q=0.9,id-ID;q=0.8,id;q=0.7,en-GB;q=0.6,en-US;q=0.5","Cookie":"PHPSESSID=otrgseh03h7bj4mercfp78q868"}
[2025-05-25 06:10:50] INFO: Request body: 
[2025-05-25 06:10:50] INFO: Controller Fetching all modules
[2025-05-25 06:10:50] INFO: Fetching all roles
[2025-05-25 06:10:50] INFO: Fetching all modules
[2025-05-25 06:11:00] INFO: Application started
[2025-05-25 06:11:00] INFO: Request method: POST
[2025-05-25 06:11:00] INFO: Request URI: /role-permissions/update
[2025-05-25 06:11:00] INFO: Request headers: {"Host":"localhost:8000","Connection":"keep-alive","Content-Length":"356","Cache-Control":"max-age=0","sec-ch-ua":"\"Chromium\";v=\"136\", \"Google Chrome\";v=\"136\", \"Not.A\/Brand\";v=\"99\"","sec-ch-ua-mobile":"?0","sec-ch-ua-platform":"\"Windows\"","Origin":"http:\/\/localhost:8000","DNT":"1","Upgrade-Insecure-Requests":"1","Content-Type":"application\/x-www-form-urlencoded","User-Agent":"Mozilla\/5.0 (Windows NT 10.0; Win64; x64) AppleWebKit\/537.36 (KHTML, like Gecko) Chrome\/136.0.0.0 Safari\/537.36","Accept":"text\/html,application\/xhtml+xml,application\/xml;q=0.9,image\/avif,image\/webp,image\/apng,*\/*;q=0.8,application\/signed-exchange;v=b3;q=0.7","Sec-Fetch-Site":"same-origin","Sec-Fetch-Mode":"navigate","Sec-Fetch-User":"?1","Sec-Fetch-Dest":"document","Referer":"http:\/\/localhost:8000\/role-permissions?role_id=1","Accept-Encoding":"gzip, deflate, br, zstd","Accept-Language":"en-ID,en;q=0.9,id-ID;q=0.8,id;q=0.7,en-GB;q=0.6,en-US;q=0.5","Cookie":"PHPSESSID=otrgseh03h7bj4mercfp78q868"}
[2025-05-25 06:11:00] INFO: Request body: _csrf_token=4014c828e795fba9ee4d7a2ea48c086937d08a5e777b3323cd60cf37882a48f2&role_id=1&permissions%5B1%5D%5B%5D=5&permissions%5B4%5D%5B%5D=5&permissions%5B4%5D%5B%5D=6&permissions%5B4%5D%5B%5D=7&permissions%5B4%5D%5B%5D=8&permissions%5B5%5D%5B%5D=5&permissions%5B5%5D%5B%5D=6&permissions%5B6%5D%5B%5D=5&permissions%5B7%5D%5B%5D=5&permissions%5B7%5D%5B%5D=7
[2025-05-25 06:11:00] INFO: Controller Updating role permissions
[2025-05-25 06:11:00] INFO: Application started
[2025-05-25 06:11:00] INFO: Request method: GET
[2025-05-25 06:11:00] INFO: Request URI: /role-permissions?role_id=1
[2025-05-25 06:11:00] INFO: Request headers: {"Host":"localhost:8000","Connection":"keep-alive","Cache-Control":"max-age=0","DNT":"1","Upgrade-Insecure-Requests":"1","User-Agent":"Mozilla\/5.0 (Windows NT 10.0; Win64; x64) AppleWebKit\/537.36 (KHTML, like Gecko) Chrome\/136.0.0.0 Safari\/537.36","Accept":"text\/html,application\/xhtml+xml,application\/xml;q=0.9,image\/avif,image\/webp,image\/apng,*\/*;q=0.8,application\/signed-exchange;v=b3;q=0.7","Sec-Fetch-Site":"same-origin","Sec-Fetch-Mode":"navigate","Sec-Fetch-User":"?1","Sec-Fetch-Dest":"document","sec-ch-ua":"\"Chromium\";v=\"136\", \"Google Chrome\";v=\"136\", \"Not.A\/Brand\";v=\"99\"","sec-ch-ua-mobile":"?0","sec-ch-ua-platform":"\"Windows\"","Referer":"http:\/\/localhost:8000\/role-permissions?role_id=1","Accept-Encoding":"gzip, deflate, br, zstd","Accept-Language":"en-ID,en;q=0.9,id-ID;q=0.8,id;q=0.7,en-GB;q=0.6,en-US;q=0.5","Cookie":"PHPSESSID=otrgseh03h7bj4mercfp78q868"}
[2025-05-25 06:11:00] INFO: Request body: 
[2025-05-25 06:11:00] INFO: Controller Fetching all modules
[2025-05-25 06:11:00] INFO: Fetching all roles
[2025-05-25 06:11:00] INFO: Fetching all modules
[2025-05-25 06:14:22] INFO: Application started
[2025-05-25 06:14:22] INFO: Request method: GET
[2025-05-25 06:14:22] INFO: Request URI: /role-permissions?role_id=2
[2025-05-25 06:14:22] INFO: Request headers: {"Host":"localhost:8000","Connection":"keep-alive","sec-ch-ua":"\"Chromium\";v=\"136\", \"Google Chrome\";v=\"136\", \"Not.A\/Brand\";v=\"99\"","sec-ch-ua-mobile":"?0","sec-ch-ua-platform":"\"Windows\"","DNT":"1","Upgrade-Insecure-Requests":"1","User-Agent":"Mozilla\/5.0 (Windows NT 10.0; Win64; x64) AppleWebKit\/537.36 (KHTML, like Gecko) Chrome\/136.0.0.0 Safari\/537.36","Accept":"text\/html,application\/xhtml+xml,application\/xml;q=0.9,image\/avif,image\/webp,image\/apng,*\/*;q=0.8,application\/signed-exchange;v=b3;q=0.7","Sec-Fetch-Site":"same-origin","Sec-Fetch-Mode":"navigate","Sec-Fetch-User":"?1","Sec-Fetch-Dest":"document","Referer":"http:\/\/localhost:8000\/role-permissions?role_id=1","Accept-Encoding":"gzip, deflate, br, zstd","Accept-Language":"en-ID,en;q=0.9,id-ID;q=0.8,id;q=0.7,en-GB;q=0.6,en-US;q=0.5","Cookie":"PHPSESSID=otrgseh03h7bj4mercfp78q868"}
[2025-05-25 06:14:22] INFO: Request body: 
[2025-05-25 06:14:22] INFO: Controller Fetching all modules
[2025-05-25 06:14:22] INFO: Fetching all roles
[2025-05-25 06:14:22] INFO: Fetching all modules
[2025-05-25 06:14:27] INFO: Application started
[2025-05-25 06:14:27] INFO: Request method: POST
[2025-05-25 06:14:27] INFO: Request URI: /role-permissions/update
[2025-05-25 06:14:27] INFO: Request headers: {"Host":"localhost:8000","Connection":"keep-alive","Content-Length":"113","Cache-Control":"max-age=0","sec-ch-ua":"\"Chromium\";v=\"136\", \"Google Chrome\";v=\"136\", \"Not.A\/Brand\";v=\"99\"","sec-ch-ua-mobile":"?0","sec-ch-ua-platform":"\"Windows\"","Origin":"http:\/\/localhost:8000","DNT":"1","Upgrade-Insecure-Requests":"1","Content-Type":"application\/x-www-form-urlencoded","User-Agent":"Mozilla\/5.0 (Windows NT 10.0; Win64; x64) AppleWebKit\/537.36 (KHTML, like Gecko) Chrome\/136.0.0.0 Safari\/537.36","Accept":"text\/html,application\/xhtml+xml,application\/xml;q=0.9,image\/avif,image\/webp,image\/apng,*\/*;q=0.8,application\/signed-exchange;v=b3;q=0.7","Sec-Fetch-Site":"same-origin","Sec-Fetch-Mode":"navigate","Sec-Fetch-User":"?1","Sec-Fetch-Dest":"document","Referer":"http:\/\/localhost:8000\/role-permissions?role_id=2","Accept-Encoding":"gzip, deflate, br, zstd","Accept-Language":"en-ID,en;q=0.9,id-ID;q=0.8,id;q=0.7,en-GB;q=0.6,en-US;q=0.5","Cookie":"PHPSESSID=otrgseh03h7bj4mercfp78q868"}
[2025-05-25 06:14:27] INFO: Request body: _csrf_token=4014c828e795fba9ee4d7a2ea48c086937d08a5e777b3323cd60cf37882a48f2&role_id=2&permissions%5B1%5D%5B%5D=5
[2025-05-25 06:14:27] INFO: Controller Updating role permissions
[2025-05-25 06:14:27] INFO: Application started
[2025-05-25 06:14:27] INFO: Request method: GET
[2025-05-25 06:14:27] INFO: Request URI: /role-permissions?role_id=2
[2025-05-25 06:14:27] INFO: Request headers: {"Host":"localhost:8000","Connection":"keep-alive","Cache-Control":"max-age=0","DNT":"1","Upgrade-Insecure-Requests":"1","User-Agent":"Mozilla\/5.0 (Windows NT 10.0; Win64; x64) AppleWebKit\/537.36 (KHTML, like Gecko) Chrome\/136.0.0.0 Safari\/537.36","Accept":"text\/html,application\/xhtml+xml,application\/xml;q=0.9,image\/avif,image\/webp,image\/apng,*\/*;q=0.8,application\/signed-exchange;v=b3;q=0.7","Sec-Fetch-Site":"same-origin","Sec-Fetch-Mode":"navigate","Sec-Fetch-User":"?1","Sec-Fetch-Dest":"document","sec-ch-ua":"\"Chromium\";v=\"136\", \"Google Chrome\";v=\"136\", \"Not.A\/Brand\";v=\"99\"","sec-ch-ua-mobile":"?0","sec-ch-ua-platform":"\"Windows\"","Referer":"http:\/\/localhost:8000\/role-permissions?role_id=2","Accept-Encoding":"gzip, deflate, br, zstd","Accept-Language":"en-ID,en;q=0.9,id-ID;q=0.8,id;q=0.7,en-GB;q=0.6,en-US;q=0.5","Cookie":"PHPSESSID=otrgseh03h7bj4mercfp78q868"}
[2025-05-25 06:14:27] INFO: Request body: 
[2025-05-25 06:14:27] INFO: Controller Fetching all modules
[2025-05-25 06:14:27] INFO: Fetching all roles
[2025-05-25 06:14:27] INFO: Fetching all modules
[2025-05-25 06:15:51] INFO: Application started
[2025-05-25 06:15:51] INFO: Request method: GET
[2025-05-25 06:15:51] INFO: Request URI: /role-permissions?role_id=2
[2025-05-25 06:15:51] INFO: Request headers: {"Host":"localhost:8000","Connection":"keep-alive","Cache-Control":"max-age=0","sec-ch-ua":"\"Chromium\";v=\"136\", \"Google Chrome\";v=\"136\", \"Not.A\/Brand\";v=\"99\"","sec-ch-ua-mobile":"?0","sec-ch-ua-platform":"\"Windows\"","DNT":"1","Upgrade-Insecure-Requests":"1","User-Agent":"Mozilla\/5.0 (Windows NT 10.0; Win64; x64) AppleWebKit\/537.36 (KHTML, like Gecko) Chrome\/136.0.0.0 Safari\/537.36","Accept":"text\/html,application\/xhtml+xml,application\/xml;q=0.9,image\/avif,image\/webp,image\/apng,*\/*;q=0.8,application\/signed-exchange;v=b3;q=0.7","Sec-Fetch-Site":"same-origin","Sec-Fetch-Mode":"navigate","Sec-Fetch-User":"?1","Sec-Fetch-Dest":"document","Referer":"http:\/\/localhost:8000\/role-permissions?role_id=2","Accept-Encoding":"gzip, deflate, br, zstd","Accept-Language":"en-ID,en;q=0.9,id-ID;q=0.8,id;q=0.7,en-GB;q=0.6,en-US;q=0.5","Cookie":"PHPSESSID=otrgseh03h7bj4mercfp78q868"}
[2025-05-25 06:15:51] INFO: Request body: 
[2025-05-25 06:15:51] INFO: Controller Fetching all modules
[2025-05-25 06:15:51] INFO: Fetching all roles
[2025-05-25 06:15:51] INFO: Fetching all modules
[2025-05-25 06:16:49] INFO: Application started
[2025-05-25 06:16:49] INFO: Request method: GET
[2025-05-25 06:16:49] INFO: Request URI: /role-permissions?role_id=2
[2025-05-25 06:16:49] INFO: Request headers: {"Host":"localhost:8000","Connection":"keep-alive","Cache-Control":"max-age=0","sec-ch-ua":"\"Chromium\";v=\"136\", \"Google Chrome\";v=\"136\", \"Not.A\/Brand\";v=\"99\"","sec-ch-ua-mobile":"?0","sec-ch-ua-platform":"\"Windows\"","DNT":"1","Upgrade-Insecure-Requests":"1","User-Agent":"Mozilla\/5.0 (Windows NT 10.0; Win64; x64) AppleWebKit\/537.36 (KHTML, like Gecko) Chrome\/136.0.0.0 Safari\/537.36","Accept":"text\/html,application\/xhtml+xml,application\/xml;q=0.9,image\/avif,image\/webp,image\/apng,*\/*;q=0.8,application\/signed-exchange;v=b3;q=0.7","Sec-Fetch-Site":"same-origin","Sec-Fetch-Mode":"navigate","Sec-Fetch-User":"?1","Sec-Fetch-Dest":"document","Referer":"http:\/\/localhost:8000\/role-permissions?role_id=2","Accept-Encoding":"gzip, deflate, br, zstd","Accept-Language":"en-ID,en;q=0.9,id-ID;q=0.8,id;q=0.7,en-GB;q=0.6,en-US;q=0.5","Cookie":"PHPSESSID=otrgseh03h7bj4mercfp78q868"}
[2025-05-25 06:16:49] INFO: Request body: 
[2025-05-25 06:16:49] INFO: Controller Fetching all modules
[2025-05-25 06:16:49] INFO: Fetching all roles
[2025-05-25 06:16:49] INFO: Fetching all modules
[2025-05-25 06:16:58] INFO: Application started
[2025-05-25 06:16:58] INFO: Request method: GET
[2025-05-25 06:16:58] INFO: Request URI: /role-permissions?role_id=2
[2025-05-25 06:16:58] INFO: Request headers: {"Host":"localhost:8000","Connection":"keep-alive","Cache-Control":"max-age=0","sec-ch-ua":"\"Chromium\";v=\"136\", \"Google Chrome\";v=\"136\", \"Not.A\/Brand\";v=\"99\"","sec-ch-ua-mobile":"?0","sec-ch-ua-platform":"\"Windows\"","DNT":"1","Upgrade-Insecure-Requests":"1","User-Agent":"Mozilla\/5.0 (Windows NT 10.0; Win64; x64) AppleWebKit\/537.36 (KHTML, like Gecko) Chrome\/136.0.0.0 Safari\/537.36","Accept":"text\/html,application\/xhtml+xml,application\/xml;q=0.9,image\/avif,image\/webp,image\/apng,*\/*;q=0.8,application\/signed-exchange;v=b3;q=0.7","Sec-Fetch-Site":"same-origin","Sec-Fetch-Mode":"navigate","Sec-Fetch-User":"?1","Sec-Fetch-Dest":"document","Referer":"http:\/\/localhost:8000\/role-permissions?role_id=2","Accept-Encoding":"gzip, deflate, br, zstd","Accept-Language":"en-ID,en;q=0.9,id-ID;q=0.8,id;q=0.7,en-GB;q=0.6,en-US;q=0.5","Cookie":"PHPSESSID=otrgseh03h7bj4mercfp78q868"}
[2025-05-25 06:16:58] INFO: Request body: 
[2025-05-25 06:16:58] INFO: Controller Fetching all modules
[2025-05-25 06:16:58] INFO: Fetching all roles
[2025-05-25 06:16:58] INFO: Fetching all modules
[2025-05-25 06:17:01] INFO: Application started
[2025-05-25 06:17:01] INFO: Request method: GET
[2025-05-25 06:17:01] INFO: Request URI: /role-permissions?role_id=1
[2025-05-25 06:17:01] INFO: Request headers: {"Host":"localhost:8000","Connection":"keep-alive","sec-ch-ua":"\"Chromium\";v=\"136\", \"Google Chrome\";v=\"136\", \"Not.A\/Brand\";v=\"99\"","sec-ch-ua-mobile":"?0","sec-ch-ua-platform":"\"Windows\"","DNT":"1","Upgrade-Insecure-Requests":"1","User-Agent":"Mozilla\/5.0 (Windows NT 10.0; Win64; x64) AppleWebKit\/537.36 (KHTML, like Gecko) Chrome\/136.0.0.0 Safari\/537.36","Accept":"text\/html,application\/xhtml+xml,application\/xml;q=0.9,image\/avif,image\/webp,image\/apng,*\/*;q=0.8,application\/signed-exchange;v=b3;q=0.7","Sec-Fetch-Site":"same-origin","Sec-Fetch-Mode":"navigate","Sec-Fetch-User":"?1","Sec-Fetch-Dest":"document","Referer":"http:\/\/localhost:8000\/role-permissions?role_id=2","Accept-Encoding":"gzip, deflate, br, zstd","Accept-Language":"en-ID,en;q=0.9,id-ID;q=0.8,id;q=0.7,en-GB;q=0.6,en-US;q=0.5","Cookie":"PHPSESSID=otrgseh03h7bj4mercfp78q868"}
[2025-05-25 06:17:01] INFO: Request body: 
[2025-05-25 06:17:01] INFO: Controller Fetching all modules
[2025-05-25 06:17:01] INFO: Fetching all roles
[2025-05-25 06:17:01] INFO: Fetching all modules
[2025-05-25 06:17:12] INFO: Application started
[2025-05-25 06:17:12] INFO: Request method: POST
[2025-05-25 06:17:12] INFO: Request URI: /role-permissions/update
[2025-05-25 06:17:12] INFO: Request headers: {"Host":"localhost:8000","Connection":"keep-alive","Content-Length":"410","Cache-Control":"max-age=0","sec-ch-ua":"\"Chromium\";v=\"136\", \"Google Chrome\";v=\"136\", \"Not.A\/Brand\";v=\"99\"","sec-ch-ua-mobile":"?0","sec-ch-ua-platform":"\"Windows\"","Origin":"http:\/\/localhost:8000","DNT":"1","Upgrade-Insecure-Requests":"1","Content-Type":"application\/x-www-form-urlencoded","User-Agent":"Mozilla\/5.0 (Windows NT 10.0; Win64; x64) AppleWebKit\/537.36 (KHTML, like Gecko) Chrome\/136.0.0.0 Safari\/537.36","Accept":"text\/html,application\/xhtml+xml,application\/xml;q=0.9,image\/avif,image\/webp,image\/apng,*\/*;q=0.8,application\/signed-exchange;v=b3;q=0.7","Sec-Fetch-Site":"same-origin","Sec-Fetch-Mode":"navigate","Sec-Fetch-User":"?1","Sec-Fetch-Dest":"document","Referer":"http:\/\/localhost:8000\/role-permissions?role_id=1","Accept-Encoding":"gzip, deflate, br, zstd","Accept-Language":"en-ID,en;q=0.9,id-ID;q=0.8,id;q=0.7,en-GB;q=0.6,en-US;q=0.5","Cookie":"PHPSESSID=otrgseh03h7bj4mercfp78q868"}
[2025-05-25 06:17:12] INFO: Request body: _csrf_token=4014c828e795fba9ee4d7a2ea48c086937d08a5e777b3323cd60cf37882a48f2&role_id=1&permissions%5B1%5D%5B%5D=5&permissions%5B4%5D%5B%5D=5&permissions%5B4%5D%5B%5D=6&permissions%5B4%5D%5B%5D=7&permissions%5B4%5D%5B%5D=8&permissions%5B5%5D%5B%5D=5&permissions%5B5%5D%5B%5D=6&permissions%5B6%5D%5B%5D=5&permissions%5B7%5D%5B%5D=5&permissions%5B7%5D%5B%5D=7&permissions%5B9%5D%5B%5D=5&permissions%5B9%5D%5B%5D=8
[2025-05-25 06:17:12] INFO: Controller Updating role permissions
[2025-05-25 06:17:12] INFO: Application started
[2025-05-25 06:17:12] INFO: Request method: GET
[2025-05-25 06:17:12] INFO: Request URI: /role-permissions?role_id=1
[2025-05-25 06:17:12] INFO: Request headers: {"Host":"localhost:8000","Connection":"keep-alive","Cache-Control":"max-age=0","DNT":"1","Upgrade-Insecure-Requests":"1","User-Agent":"Mozilla\/5.0 (Windows NT 10.0; Win64; x64) AppleWebKit\/537.36 (KHTML, like Gecko) Chrome\/136.0.0.0 Safari\/537.36","Accept":"text\/html,application\/xhtml+xml,application\/xml;q=0.9,image\/avif,image\/webp,image\/apng,*\/*;q=0.8,application\/signed-exchange;v=b3;q=0.7","Sec-Fetch-Site":"same-origin","Sec-Fetch-Mode":"navigate","Sec-Fetch-User":"?1","Sec-Fetch-Dest":"document","sec-ch-ua":"\"Chromium\";v=\"136\", \"Google Chrome\";v=\"136\", \"Not.A\/Brand\";v=\"99\"","sec-ch-ua-mobile":"?0","sec-ch-ua-platform":"\"Windows\"","Referer":"http:\/\/localhost:8000\/role-permissions?role_id=1","Accept-Encoding":"gzip, deflate, br, zstd","Accept-Language":"en-ID,en;q=0.9,id-ID;q=0.8,id;q=0.7,en-GB;q=0.6,en-US;q=0.5","Cookie":"PHPSESSID=otrgseh03h7bj4mercfp78q868"}
[2025-05-25 06:17:12] INFO: Request body: 
[2025-05-25 06:17:12] INFO: Controller Fetching all modules
[2025-05-25 06:17:12] INFO: Fetching all roles
[2025-05-25 06:17:12] INFO: Fetching all modules
[2025-05-25 06:17:21] INFO: Application started
[2025-05-25 06:17:21] INFO: Request method: POST
[2025-05-25 06:17:21] INFO: Request URI: /role-permissions/update
[2025-05-25 06:17:21] INFO: Request headers: {"Host":"localhost:8000","Connection":"keep-alive","Content-Length":"576","Cache-Control":"max-age=0","sec-ch-ua":"\"Chromium\";v=\"136\", \"Google Chrome\";v=\"136\", \"Not.A\/Brand\";v=\"99\"","sec-ch-ua-mobile":"?0","sec-ch-ua-platform":"\"Windows\"","Origin":"http:\/\/localhost:8000","DNT":"1","Upgrade-Insecure-Requests":"1","Content-Type":"application\/x-www-form-urlencoded","User-Agent":"Mozilla\/5.0 (Windows NT 10.0; Win64; x64) AppleWebKit\/537.36 (KHTML, like Gecko) Chrome\/136.0.0.0 Safari\/537.36","Accept":"text\/html,application\/xhtml+xml,application\/xml;q=0.9,image\/avif,image\/webp,image\/apng,*\/*;q=0.8,application\/signed-exchange;v=b3;q=0.7","Sec-Fetch-Site":"same-origin","Sec-Fetch-Mode":"navigate","Sec-Fetch-User":"?1","Sec-Fetch-Dest":"document","Referer":"http:\/\/localhost:8000\/role-permissions?role_id=1","Accept-Encoding":"gzip, deflate, br, zstd","Accept-Language":"en-ID,en;q=0.9,id-ID;q=0.8,id;q=0.7,en-GB;q=0.6,en-US;q=0.5","Cookie":"PHPSESSID=otrgseh03h7bj4mercfp78q868"}
[2025-05-25 06:17:21] INFO: Request body: _csrf_token=4014c828e795fba9ee4d7a2ea48c086937d08a5e777b3323cd60cf37882a48f2&role_id=1&permissions%5B1%5D%5B%5D=5&permissions%5B4%5D%5B%5D=5&permissions%5B4%5D%5B%5D=6&permissions%5B4%5D%5B%5D=7&permissions%5B4%5D%5B%5D=8&permissions%5B5%5D%5B%5D=5&permissions%5B5%5D%5B%5D=6&permissions%5B6%5D%5B%5D=5&permissions%5B7%5D%5B%5D=5&permissions%5B7%5D%5B%5D=7&permissions%5B9%5D%5B%5D=5&permissions%5B9%5D%5B%5D=6&permissions%5B9%5D%5B%5D=7&permissions%5B9%5D%5B%5D=8&permissions%5B10%5D%5B%5D=5&permissions%5B10%5D%5B%5D=6&permissions%5B10%5D%5B%5D=7&permissions%5B10%5D%5B%5D=8
[2025-05-25 06:17:21] INFO: Controller Updating role permissions
[2025-05-25 06:17:21] INFO: Application started
[2025-05-25 06:17:21] INFO: Request method: GET
[2025-05-25 06:17:21] INFO: Request URI: /role-permissions?role_id=1
[2025-05-25 06:17:21] INFO: Request headers: {"Host":"localhost:8000","Connection":"keep-alive","Cache-Control":"max-age=0","DNT":"1","Upgrade-Insecure-Requests":"1","User-Agent":"Mozilla\/5.0 (Windows NT 10.0; Win64; x64) AppleWebKit\/537.36 (KHTML, like Gecko) Chrome\/136.0.0.0 Safari\/537.36","Accept":"text\/html,application\/xhtml+xml,application\/xml;q=0.9,image\/avif,image\/webp,image\/apng,*\/*;q=0.8,application\/signed-exchange;v=b3;q=0.7","Sec-Fetch-Site":"same-origin","Sec-Fetch-Mode":"navigate","Sec-Fetch-User":"?1","Sec-Fetch-Dest":"document","sec-ch-ua":"\"Chromium\";v=\"136\", \"Google Chrome\";v=\"136\", \"Not.A\/Brand\";v=\"99\"","sec-ch-ua-mobile":"?0","sec-ch-ua-platform":"\"Windows\"","Referer":"http:\/\/localhost:8000\/role-permissions?role_id=1","Accept-Encoding":"gzip, deflate, br, zstd","Accept-Language":"en-ID,en;q=0.9,id-ID;q=0.8,id;q=0.7,en-GB;q=0.6,en-US;q=0.5","Cookie":"PHPSESSID=otrgseh03h7bj4mercfp78q868"}
[2025-05-25 06:17:21] INFO: Request body: 
[2025-05-25 06:17:21] INFO: Controller Fetching all modules
[2025-05-25 06:17:21] INFO: Fetching all roles
[2025-05-25 06:17:21] INFO: Fetching all modules
[2025-05-25 06:17:25] INFO: Application started
[2025-05-25 06:17:25] INFO: Request method: GET
[2025-05-25 06:17:25] INFO: Request URI: /role-permissions?role_id=2
[2025-05-25 06:17:25] INFO: Request headers: {"Host":"localhost:8000","Connection":"keep-alive","sec-ch-ua":"\"Chromium\";v=\"136\", \"Google Chrome\";v=\"136\", \"Not.A\/Brand\";v=\"99\"","sec-ch-ua-mobile":"?0","sec-ch-ua-platform":"\"Windows\"","DNT":"1","Upgrade-Insecure-Requests":"1","User-Agent":"Mozilla\/5.0 (Windows NT 10.0; Win64; x64) AppleWebKit\/537.36 (KHTML, like Gecko) Chrome\/136.0.0.0 Safari\/537.36","Accept":"text\/html,application\/xhtml+xml,application\/xml;q=0.9,image\/avif,image\/webp,image\/apng,*\/*;q=0.8,application\/signed-exchange;v=b3;q=0.7","Sec-Fetch-Site":"same-origin","Sec-Fetch-Mode":"navigate","Sec-Fetch-User":"?1","Sec-Fetch-Dest":"document","Referer":"http:\/\/localhost:8000\/role-permissions?role_id=1","Accept-Encoding":"gzip, deflate, br, zstd","Accept-Language":"en-ID,en;q=0.9,id-ID;q=0.8,id;q=0.7,en-GB;q=0.6,en-US;q=0.5","Cookie":"PHPSESSID=otrgseh03h7bj4mercfp78q868"}
[2025-05-25 06:17:25] INFO: Request body: 
[2025-05-25 06:17:25] INFO: Controller Fetching all modules
[2025-05-25 06:17:25] INFO: Fetching all roles
[2025-05-25 06:17:25] INFO: Fetching all modules
[2025-05-25 06:17:30] INFO: Application started
[2025-05-25 06:17:30] INFO: Request method: GET
[2025-05-25 06:17:30] INFO: Request URI: /role-permissions?role_id=4
[2025-05-25 06:17:30] INFO: Request headers: {"Host":"localhost:8000","Connection":"keep-alive","sec-ch-ua":"\"Chromium\";v=\"136\", \"Google Chrome\";v=\"136\", \"Not.A\/Brand\";v=\"99\"","sec-ch-ua-mobile":"?0","sec-ch-ua-platform":"\"Windows\"","DNT":"1","Upgrade-Insecure-Requests":"1","User-Agent":"Mozilla\/5.0 (Windows NT 10.0; Win64; x64) AppleWebKit\/537.36 (KHTML, like Gecko) Chrome\/136.0.0.0 Safari\/537.36","Accept":"text\/html,application\/xhtml+xml,application\/xml;q=0.9,image\/avif,image\/webp,image\/apng,*\/*;q=0.8,application\/signed-exchange;v=b3;q=0.7","Sec-Fetch-Site":"same-origin","Sec-Fetch-Mode":"navigate","Sec-Fetch-User":"?1","Sec-Fetch-Dest":"document","Referer":"http:\/\/localhost:8000\/role-permissions?role_id=2","Accept-Encoding":"gzip, deflate, br, zstd","Accept-Language":"en-ID,en;q=0.9,id-ID;q=0.8,id;q=0.7,en-GB;q=0.6,en-US;q=0.5","Cookie":"PHPSESSID=otrgseh03h7bj4mercfp78q868"}
[2025-05-25 06:17:30] INFO: Request body: 
[2025-05-25 06:17:30] INFO: Controller Fetching all modules
[2025-05-25 06:17:30] INFO: Fetching all roles
[2025-05-25 06:17:30] INFO: Fetching all modules
[2025-05-25 06:17:41] INFO: Application started
[2025-05-25 06:17:41] INFO: Request method: POST
[2025-05-25 06:17:41] INFO: Request URI: /role-permissions/update
[2025-05-25 06:17:41] INFO: Request headers: {"Host":"localhost:8000","Connection":"keep-alive","Content-Length":"194","Cache-Control":"max-age=0","sec-ch-ua":"\"Chromium\";v=\"136\", \"Google Chrome\";v=\"136\", \"Not.A\/Brand\";v=\"99\"","sec-ch-ua-mobile":"?0","sec-ch-ua-platform":"\"Windows\"","Origin":"http:\/\/localhost:8000","DNT":"1","Upgrade-Insecure-Requests":"1","Content-Type":"application\/x-www-form-urlencoded","User-Agent":"Mozilla\/5.0 (Windows NT 10.0; Win64; x64) AppleWebKit\/537.36 (KHTML, like Gecko) Chrome\/136.0.0.0 Safari\/537.36","Accept":"text\/html,application\/xhtml+xml,application\/xml;q=0.9,image\/avif,image\/webp,image\/apng,*\/*;q=0.8,application\/signed-exchange;v=b3;q=0.7","Sec-Fetch-Site":"same-origin","Sec-Fetch-Mode":"navigate","Sec-Fetch-User":"?1","Sec-Fetch-Dest":"document","Referer":"http:\/\/localhost:8000\/role-permissions?role_id=4","Accept-Encoding":"gzip, deflate, br, zstd","Accept-Language":"en-ID,en;q=0.9,id-ID;q=0.8,id;q=0.7,en-GB;q=0.6,en-US;q=0.5","Cookie":"PHPSESSID=otrgseh03h7bj4mercfp78q868"}
[2025-05-25 06:17:41] INFO: Request body: _csrf_token=4014c828e795fba9ee4d7a2ea48c086937d08a5e777b3323cd60cf37882a48f2&role_id=4&permissions%5B1%5D%5B%5D=5&permissions%5B5%5D%5B%5D=5&permissions%5B6%5D%5B%5D=5&permissions%5B7%5D%5B%5D=5
[2025-05-25 06:17:41] INFO: Controller Updating role permissions
[2025-05-25 06:17:41] INFO: Application started
[2025-05-25 06:17:41] INFO: Request method: GET
[2025-05-25 06:17:41] INFO: Request URI: /role-permissions?role_id=4
[2025-05-25 06:17:41] INFO: Request headers: {"Host":"localhost:8000","Connection":"keep-alive","Cache-Control":"max-age=0","DNT":"1","Upgrade-Insecure-Requests":"1","User-Agent":"Mozilla\/5.0 (Windows NT 10.0; Win64; x64) AppleWebKit\/537.36 (KHTML, like Gecko) Chrome\/136.0.0.0 Safari\/537.36","Accept":"text\/html,application\/xhtml+xml,application\/xml;q=0.9,image\/avif,image\/webp,image\/apng,*\/*;q=0.8,application\/signed-exchange;v=b3;q=0.7","Sec-Fetch-Site":"same-origin","Sec-Fetch-Mode":"navigate","Sec-Fetch-User":"?1","Sec-Fetch-Dest":"document","sec-ch-ua":"\"Chromium\";v=\"136\", \"Google Chrome\";v=\"136\", \"Not.A\/Brand\";v=\"99\"","sec-ch-ua-mobile":"?0","sec-ch-ua-platform":"\"Windows\"","Referer":"http:\/\/localhost:8000\/role-permissions?role_id=4","Accept-Encoding":"gzip, deflate, br, zstd","Accept-Language":"en-ID,en;q=0.9,id-ID;q=0.8,id;q=0.7,en-GB;q=0.6,en-US;q=0.5","Cookie":"PHPSESSID=otrgseh03h7bj4mercfp78q868"}
[2025-05-25 06:17:41] INFO: Request body: 
[2025-05-25 06:17:41] INFO: Controller Fetching all modules
[2025-05-25 06:17:41] INFO: Fetching all roles
[2025-05-25 06:17:41] INFO: Fetching all modules
[2025-05-25 06:20:29] INFO: Application started
[2025-05-25 06:20:29] INFO: Request method: GET
[2025-05-25 06:20:29] INFO: Request URI: /role-permissions?role_id=4
[2025-05-25 06:20:29] INFO: Request headers: {"Host":"localhost:8000","Connection":"keep-alive","Cache-Control":"max-age=0","sec-ch-ua":"\"Chromium\";v=\"136\", \"Google Chrome\";v=\"136\", \"Not.A\/Brand\";v=\"99\"","sec-ch-ua-mobile":"?0","sec-ch-ua-platform":"\"Windows\"","DNT":"1","Upgrade-Insecure-Requests":"1","User-Agent":"Mozilla\/5.0 (Windows NT 10.0; Win64; x64) AppleWebKit\/537.36 (KHTML, like Gecko) Chrome\/136.0.0.0 Safari\/537.36","Accept":"text\/html,application\/xhtml+xml,application\/xml;q=0.9,image\/avif,image\/webp,image\/apng,*\/*;q=0.8,application\/signed-exchange;v=b3;q=0.7","Sec-Fetch-Site":"same-origin","Sec-Fetch-Mode":"navigate","Sec-Fetch-User":"?1","Sec-Fetch-Dest":"document","Referer":"http:\/\/localhost:8000\/role-permissions?role_id=4","Accept-Encoding":"gzip, deflate, br, zstd","Accept-Language":"en-ID,en;q=0.9,id-ID;q=0.8,id;q=0.7,en-GB;q=0.6,en-US;q=0.5","Cookie":"PHPSESSID=otrgseh03h7bj4mercfp78q868"}
[2025-05-25 06:20:29] INFO: Request body: 
[2025-05-25 06:20:29] INFO: Controller Fetching all modules
[2025-05-25 06:20:29] INFO: Fetching all roles
[2025-05-25 06:20:29] INFO: Fetching all modules
[2025-05-25 06:21:26] INFO: Application started
[2025-05-25 06:21:26] INFO: Request method: GET
[2025-05-25 06:21:26] INFO: Request URI: /role-permissions?role_id=4
[2025-05-25 06:21:26] INFO: Request headers: {"Host":"localhost:8000","Connection":"keep-alive","Cache-Control":"max-age=0","sec-ch-ua":"\"Chromium\";v=\"136\", \"Google Chrome\";v=\"136\", \"Not.A\/Brand\";v=\"99\"","sec-ch-ua-mobile":"?0","sec-ch-ua-platform":"\"Windows\"","DNT":"1","Upgrade-Insecure-Requests":"1","User-Agent":"Mozilla\/5.0 (Windows NT 10.0; Win64; x64) AppleWebKit\/537.36 (KHTML, like Gecko) Chrome\/136.0.0.0 Safari\/537.36","Accept":"text\/html,application\/xhtml+xml,application\/xml;q=0.9,image\/avif,image\/webp,image\/apng,*\/*;q=0.8,application\/signed-exchange;v=b3;q=0.7","Sec-Fetch-Site":"same-origin","Sec-Fetch-Mode":"navigate","Sec-Fetch-User":"?1","Sec-Fetch-Dest":"document","Referer":"http:\/\/localhost:8000\/role-permissions?role_id=4","Accept-Encoding":"gzip, deflate, br, zstd","Accept-Language":"en-ID,en;q=0.9,id-ID;q=0.8,id;q=0.7,en-GB;q=0.6,en-US;q=0.5","Cookie":"PHPSESSID=otrgseh03h7bj4mercfp78q868"}
[2025-05-25 06:21:26] INFO: Request body: 
[2025-05-25 06:21:26] INFO: Controller Fetching all modules
[2025-05-25 06:21:26] INFO: Fetching all roles
[2025-05-25 06:21:26] INFO: Fetching all modules
[2025-05-25 06:21:29] INFO: Application started
[2025-05-25 06:21:29] INFO: Request method: GET
[2025-05-25 06:21:29] INFO: Request URI: /role-permissions?role_id=1
[2025-05-25 06:21:29] INFO: Request headers: {"Host":"localhost:8000","Connection":"keep-alive","sec-ch-ua":"\"Chromium\";v=\"136\", \"Google Chrome\";v=\"136\", \"Not.A\/Brand\";v=\"99\"","sec-ch-ua-mobile":"?0","sec-ch-ua-platform":"\"Windows\"","DNT":"1","Upgrade-Insecure-Requests":"1","User-Agent":"Mozilla\/5.0 (Windows NT 10.0; Win64; x64) AppleWebKit\/537.36 (KHTML, like Gecko) Chrome\/136.0.0.0 Safari\/537.36","Accept":"text\/html,application\/xhtml+xml,application\/xml;q=0.9,image\/avif,image\/webp,image\/apng,*\/*;q=0.8,application\/signed-exchange;v=b3;q=0.7","Sec-Fetch-Site":"same-origin","Sec-Fetch-Mode":"navigate","Sec-Fetch-User":"?1","Sec-Fetch-Dest":"document","Referer":"http:\/\/localhost:8000\/role-permissions?role_id=4","Accept-Encoding":"gzip, deflate, br, zstd","Accept-Language":"en-ID,en;q=0.9,id-ID;q=0.8,id;q=0.7,en-GB;q=0.6,en-US;q=0.5","Cookie":"PHPSESSID=otrgseh03h7bj4mercfp78q868"}
[2025-05-25 06:21:29] INFO: Request body: 
[2025-05-25 06:21:29] INFO: Controller Fetching all modules
[2025-05-25 06:21:29] INFO: Fetching all roles
[2025-05-25 06:21:29] INFO: Fetching all modules
[2025-05-25 06:21:33] INFO: Application started
[2025-05-25 06:21:33] INFO: Request method: POST
[2025-05-25 06:21:33] INFO: Request URI: /role-permissions/update
[2025-05-25 06:21:33] INFO: Request headers: {"Host":"localhost:8000","Connection":"keep-alive","Content-Length":"522","Cache-Control":"max-age=0","sec-ch-ua":"\"Chromium\";v=\"136\", \"Google Chrome\";v=\"136\", \"Not.A\/Brand\";v=\"99\"","sec-ch-ua-mobile":"?0","sec-ch-ua-platform":"\"Windows\"","Origin":"http:\/\/localhost:8000","DNT":"1","Upgrade-Insecure-Requests":"1","Content-Type":"application\/x-www-form-urlencoded","User-Agent":"Mozilla\/5.0 (Windows NT 10.0; Win64; x64) AppleWebKit\/537.36 (KHTML, like Gecko) Chrome\/136.0.0.0 Safari\/537.36","Accept":"text\/html,application\/xhtml+xml,application\/xml;q=0.9,image\/avif,image\/webp,image\/apng,*\/*;q=0.8,application\/signed-exchange;v=b3;q=0.7","Sec-Fetch-Site":"same-origin","Sec-Fetch-Mode":"navigate","Sec-Fetch-User":"?1","Sec-Fetch-Dest":"document","Referer":"http:\/\/localhost:8000\/role-permissions?role_id=1","Accept-Encoding":"gzip, deflate, br, zstd","Accept-Language":"en-ID,en;q=0.9,id-ID;q=0.8,id;q=0.7,en-GB;q=0.6,en-US;q=0.5","Cookie":"PHPSESSID=otrgseh03h7bj4mercfp78q868"}
[2025-05-25 06:21:33] INFO: Request body: _csrf_token=4014c828e795fba9ee4d7a2ea48c086937d08a5e777b3323cd60cf37882a48f2&role_id=1&permissions%5B1%5D%5B%5D=5&permissions%5B4%5D%5B%5D=5&permissions%5B4%5D%5B%5D=6&permissions%5B4%5D%5B%5D=7&permissions%5B4%5D%5B%5D=8&permissions%5B5%5D%5B%5D=5&permissions%5B5%5D%5B%5D=6&permissions%5B6%5D%5B%5D=5&permissions%5B7%5D%5B%5D=5&permissions%5B7%5D%5B%5D=7&permissions%5B9%5D%5B%5D=5&permissions%5B9%5D%5B%5D=8&permissions%5B10%5D%5B%5D=5&permissions%5B10%5D%5B%5D=6&permissions%5B10%5D%5B%5D=7&permissions%5B10%5D%5B%5D=8
[2025-05-25 06:21:33] INFO: Controller Updating role permissions
[2025-05-25 06:21:34] INFO: Application started
[2025-05-25 06:21:34] INFO: Request method: GET
[2025-05-25 06:21:34] INFO: Request URI: /role-permissions?role_id=1
[2025-05-25 06:21:34] INFO: Request headers: {"Host":"localhost:8000","Connection":"keep-alive","Cache-Control":"max-age=0","DNT":"1","Upgrade-Insecure-Requests":"1","User-Agent":"Mozilla\/5.0 (Windows NT 10.0; Win64; x64) AppleWebKit\/537.36 (KHTML, like Gecko) Chrome\/136.0.0.0 Safari\/537.36","Accept":"text\/html,application\/xhtml+xml,application\/xml;q=0.9,image\/avif,image\/webp,image\/apng,*\/*;q=0.8,application\/signed-exchange;v=b3;q=0.7","Sec-Fetch-Site":"same-origin","Sec-Fetch-Mode":"navigate","Sec-Fetch-User":"?1","Sec-Fetch-Dest":"document","sec-ch-ua":"\"Chromium\";v=\"136\", \"Google Chrome\";v=\"136\", \"Not.A\/Brand\";v=\"99\"","sec-ch-ua-mobile":"?0","sec-ch-ua-platform":"\"Windows\"","Referer":"http:\/\/localhost:8000\/role-permissions?role_id=1","Accept-Encoding":"gzip, deflate, br, zstd","Accept-Language":"en-ID,en;q=0.9,id-ID;q=0.8,id;q=0.7,en-GB;q=0.6,en-US;q=0.5","Cookie":"PHPSESSID=otrgseh03h7bj4mercfp78q868"}
[2025-05-25 06:21:34] INFO: Request body: 
[2025-05-25 06:21:34] INFO: Controller Fetching all modules
[2025-05-25 06:21:34] INFO: Fetching all roles
[2025-05-25 06:21:34] INFO: Fetching all modules
[2025-05-25 06:22:29] INFO: Application started
[2025-05-25 06:22:29] INFO: Request method: GET
[2025-05-25 06:22:29] INFO: Request URI: /role-permissions?role_id=2
[2025-05-25 06:22:29] INFO: Request headers: {"Host":"localhost:8000","Connection":"keep-alive","sec-ch-ua":"\"Chromium\";v=\"136\", \"Google Chrome\";v=\"136\", \"Not.A\/Brand\";v=\"99\"","sec-ch-ua-mobile":"?0","sec-ch-ua-platform":"\"Windows\"","DNT":"1","Upgrade-Insecure-Requests":"1","User-Agent":"Mozilla\/5.0 (Windows NT 10.0; Win64; x64) AppleWebKit\/537.36 (KHTML, like Gecko) Chrome\/136.0.0.0 Safari\/537.36","Accept":"text\/html,application\/xhtml+xml,application\/xml;q=0.9,image\/avif,image\/webp,image\/apng,*\/*;q=0.8,application\/signed-exchange;v=b3;q=0.7","Sec-Fetch-Site":"same-origin","Sec-Fetch-Mode":"navigate","Sec-Fetch-User":"?1","Sec-Fetch-Dest":"document","Referer":"http:\/\/localhost:8000\/role-permissions?role_id=1","Accept-Encoding":"gzip, deflate, br, zstd","Accept-Language":"en-ID,en;q=0.9,id-ID;q=0.8,id;q=0.7,en-GB;q=0.6,en-US;q=0.5","Cookie":"PHPSESSID=otrgseh03h7bj4mercfp78q868"}
[2025-05-25 06:22:29] INFO: Request body: 
[2025-05-25 06:22:29] INFO: Controller Fetching all modules
[2025-05-25 06:22:29] INFO: Fetching all roles
[2025-05-25 06:22:29] INFO: Fetching all modules
[2025-05-25 06:26:14] INFO: Application started
[2025-05-25 06:26:14] INFO: Request method: GET
[2025-05-25 06:26:14] INFO: Request URI: /role-permissions?role_id=4
[2025-05-25 06:26:14] INFO: Request headers: {"Host":"localhost:8000","Connection":"keep-alive","sec-ch-ua":"\"Chromium\";v=\"136\", \"Google Chrome\";v=\"136\", \"Not.A\/Brand\";v=\"99\"","sec-ch-ua-mobile":"?0","sec-ch-ua-platform":"\"Windows\"","DNT":"1","Upgrade-Insecure-Requests":"1","User-Agent":"Mozilla\/5.0 (Windows NT 10.0; Win64; x64) AppleWebKit\/537.36 (KHTML, like Gecko) Chrome\/136.0.0.0 Safari\/537.36","Accept":"text\/html,application\/xhtml+xml,application\/xml;q=0.9,image\/avif,image\/webp,image\/apng,*\/*;q=0.8,application\/signed-exchange;v=b3;q=0.7","Sec-Fetch-Site":"same-origin","Sec-Fetch-Mode":"navigate","Sec-Fetch-User":"?1","Sec-Fetch-Dest":"document","Referer":"http:\/\/localhost:8000\/role-permissions?role_id=2","Accept-Encoding":"gzip, deflate, br, zstd","Accept-Language":"en-ID,en;q=0.9,id-ID;q=0.8,id;q=0.7,en-GB;q=0.6,en-US;q=0.5","Cookie":"PHPSESSID=otrgseh03h7bj4mercfp78q868"}
[2025-05-25 06:26:14] INFO: Request body: 
[2025-05-25 06:26:14] INFO: Controller Fetching all modules
[2025-05-25 06:26:14] INFO: Fetching all roles
[2025-05-25 06:26:14] INFO: Fetching all modules
[2025-05-25 06:26:22] INFO: Application started
[2025-05-25 06:26:22] INFO: Request method: GET
[2025-05-25 06:26:22] INFO: Request URI: /role-permissions?role_id=1
[2025-05-25 06:26:22] INFO: Request headers: {"Host":"localhost:8000","Connection":"keep-alive","sec-ch-ua":"\"Chromium\";v=\"136\", \"Google Chrome\";v=\"136\", \"Not.A\/Brand\";v=\"99\"","sec-ch-ua-mobile":"?0","sec-ch-ua-platform":"\"Windows\"","DNT":"1","Upgrade-Insecure-Requests":"1","User-Agent":"Mozilla\/5.0 (Windows NT 10.0; Win64; x64) AppleWebKit\/537.36 (KHTML, like Gecko) Chrome\/136.0.0.0 Safari\/537.36","Accept":"text\/html,application\/xhtml+xml,application\/xml;q=0.9,image\/avif,image\/webp,image\/apng,*\/*;q=0.8,application\/signed-exchange;v=b3;q=0.7","Sec-Fetch-Site":"same-origin","Sec-Fetch-Mode":"navigate","Sec-Fetch-User":"?1","Sec-Fetch-Dest":"document","Referer":"http:\/\/localhost:8000\/role-permissions?role_id=4","Accept-Encoding":"gzip, deflate, br, zstd","Accept-Language":"en-ID,en;q=0.9,id-ID;q=0.8,id;q=0.7,en-GB;q=0.6,en-US;q=0.5","Cookie":"PHPSESSID=otrgseh03h7bj4mercfp78q868"}
[2025-05-25 06:26:22] INFO: Request body: 
[2025-05-25 06:26:22] INFO: Controller Fetching all modules
[2025-05-25 06:26:22] INFO: Fetching all roles
[2025-05-25 06:26:22] INFO: Fetching all modules
[2025-05-25 06:30:09] INFO: Application started
[2025-05-25 06:30:09] INFO: Request method: GET
[2025-05-25 06:30:09] INFO: Request URI: /modules
[2025-05-25 06:30:09] INFO: Request headers: {"Host":"localhost:8000","Connection":"keep-alive","sec-ch-ua":"\"Chromium\";v=\"136\", \"Google Chrome\";v=\"136\", \"Not.A\/Brand\";v=\"99\"","sec-ch-ua-mobile":"?0","sec-ch-ua-platform":"\"Windows\"","DNT":"1","Upgrade-Insecure-Requests":"1","User-Agent":"Mozilla\/5.0 (Windows NT 10.0; Win64; x64) AppleWebKit\/537.36 (KHTML, like Gecko) Chrome\/136.0.0.0 Safari\/537.36","Accept":"text\/html,application\/xhtml+xml,application\/xml;q=0.9,image\/avif,image\/webp,image\/apng,*\/*;q=0.8,application\/signed-exchange;v=b3;q=0.7","Sec-Fetch-Site":"same-origin","Sec-Fetch-Mode":"navigate","Sec-Fetch-User":"?1","Sec-Fetch-Dest":"document","Referer":"http:\/\/localhost:8000\/role-permissions?role_id=1","Accept-Encoding":"gzip, deflate, br, zstd","Accept-Language":"en-ID,en;q=0.9,id-ID;q=0.8,id;q=0.7,en-GB;q=0.6,en-US;q=0.5","Cookie":"PHPSESSID=otrgseh03h7bj4mercfp78q868"}
[2025-05-25 06:30:09] INFO: Request body: 
[2025-05-25 06:30:09] INFO: Controller Fetching all modules
[2025-05-25 06:30:09] INFO: Fetching all modules
[2025-05-25 06:30:10] INFO: Application started
[2025-05-25 06:30:10] INFO: Request method: GET
[2025-05-25 06:30:10] INFO: Request URI: /modules/create
[2025-05-25 06:30:10] INFO: Request headers: {"Host":"localhost:8000","Connection":"keep-alive","sec-ch-ua":"\"Chromium\";v=\"136\", \"Google Chrome\";v=\"136\", \"Not.A\/Brand\";v=\"99\"","sec-ch-ua-mobile":"?0","sec-ch-ua-platform":"\"Windows\"","DNT":"1","Upgrade-Insecure-Requests":"1","User-Agent":"Mozilla\/5.0 (Windows NT 10.0; Win64; x64) AppleWebKit\/537.36 (KHTML, like Gecko) Chrome\/136.0.0.0 Safari\/537.36","Accept":"text\/html,application\/xhtml+xml,application\/xml;q=0.9,image\/avif,image\/webp,image\/apng,*\/*;q=0.8,application\/signed-exchange;v=b3;q=0.7","Sec-Fetch-Site":"same-origin","Sec-Fetch-Mode":"navigate","Sec-Fetch-User":"?1","Sec-Fetch-Dest":"document","Referer":"http:\/\/localhost:8000\/modules","Accept-Encoding":"gzip, deflate, br, zstd","Accept-Language":"en-ID,en;q=0.9,id-ID;q=0.8,id;q=0.7,en-GB;q=0.6,en-US;q=0.5","Cookie":"PHPSESSID=otrgseh03h7bj4mercfp78q868"}
[2025-05-25 06:30:10] INFO: Request body: 
[2025-05-25 06:30:10] INFO: Controller Creating new module
[2025-05-25 06:30:10] INFO: Fetching parent module
[2025-05-25 06:35:21] INFO: Application started
[2025-05-25 06:35:21] INFO: Request method: GET
[2025-05-25 06:35:21] INFO: Request URI: /modules/create
[2025-05-25 06:35:21] INFO: Request headers: {"Host":"localhost:8000","Connection":"keep-alive","Cache-Control":"max-age=0","sec-ch-ua":"\"Chromium\";v=\"136\", \"Google Chrome\";v=\"136\", \"Not.A\/Brand\";v=\"99\"","sec-ch-ua-mobile":"?0","sec-ch-ua-platform":"\"Windows\"","DNT":"1","Upgrade-Insecure-Requests":"1","User-Agent":"Mozilla\/5.0 (Windows NT 10.0; Win64; x64) AppleWebKit\/537.36 (KHTML, like Gecko) Chrome\/136.0.0.0 Safari\/537.36","Accept":"text\/html,application\/xhtml+xml,application\/xml;q=0.9,image\/avif,image\/webp,image\/apng,*\/*;q=0.8,application\/signed-exchange;v=b3;q=0.7","Sec-Fetch-Site":"same-origin","Sec-Fetch-Mode":"navigate","Sec-Fetch-User":"?1","Sec-Fetch-Dest":"document","Referer":"http:\/\/localhost:8000\/modules","Accept-Encoding":"gzip, deflate, br, zstd","Accept-Language":"en-ID,en;q=0.9,id-ID;q=0.8,id;q=0.7,en-GB;q=0.6,en-US;q=0.5","Cookie":"PHPSESSID=otrgseh03h7bj4mercfp78q868"}
[2025-05-25 06:35:21] INFO: Request body: 
[2025-05-25 06:35:21] INFO: Controller Creating new module
[2025-05-25 06:35:21] INFO: Fetching parent module
[2025-05-25 06:40:25] INFO: Application started
[2025-05-25 06:40:25] INFO: Request method: GET
[2025-05-25 06:40:25] INFO: Request URI: /modules/create
[2025-05-25 06:40:25] INFO: Request headers: {"Host":"localhost:8000","Connection":"keep-alive","sec-ch-ua":"\"Chromium\";v=\"136\", \"Google Chrome\";v=\"136\", \"Not.A\/Brand\";v=\"99\"","sec-ch-ua-mobile":"?0","sec-ch-ua-platform":"\"Windows\"","DNT":"1","Upgrade-Insecure-Requests":"1","User-Agent":"Mozilla\/5.0 (Windows NT 10.0; Win64; x64) AppleWebKit\/537.36 (KHTML, like Gecko) Chrome\/136.0.0.0 Safari\/537.36","Accept":"text\/html,application\/xhtml+xml,application\/xml;q=0.9,image\/avif,image\/webp,image\/apng,*\/*;q=0.8,application\/signed-exchange;v=b3;q=0.7","Sec-Fetch-Site":"same-origin","Sec-Fetch-Mode":"navigate","Sec-Fetch-User":"?1","Sec-Fetch-Dest":"document","Referer":"http:\/\/localhost:8000\/modules","Accept-Encoding":"gzip, deflate, br, zstd","Accept-Language":"en-ID,en;q=0.9,id-ID;q=0.8,id;q=0.7,en-GB;q=0.6,en-US;q=0.5","Cookie":"PHPSESSID=otrgseh03h7bj4mercfp78q868"}
[2025-05-25 06:40:25] INFO: Request body: 
[2025-05-25 06:40:25] INFO: Controller Creating new module
[2025-05-25 06:40:25] INFO: Fetching parent module
[2025-05-25 06:40:26] INFO: Application started
[2025-05-25 06:40:26] INFO: Request method: GET
[2025-05-25 06:40:26] INFO: Request URI: /modules/create
[2025-05-25 06:40:26] INFO: Request headers: {"Host":"localhost:8000","Connection":"keep-alive","Cache-Control":"max-age=0","sec-ch-ua":"\"Chromium\";v=\"136\", \"Google Chrome\";v=\"136\", \"Not.A\/Brand\";v=\"99\"","sec-ch-ua-mobile":"?0","sec-ch-ua-platform":"\"Windows\"","DNT":"1","Upgrade-Insecure-Requests":"1","User-Agent":"Mozilla\/5.0 (Windows NT 10.0; Win64; x64) AppleWebKit\/537.36 (KHTML, like Gecko) Chrome\/136.0.0.0 Safari\/537.36","Accept":"text\/html,application\/xhtml+xml,application\/xml;q=0.9,image\/avif,image\/webp,image\/apng,*\/*;q=0.8,application\/signed-exchange;v=b3;q=0.7","Sec-Fetch-Site":"same-origin","Sec-Fetch-Mode":"navigate","Sec-Fetch-User":"?1","Sec-Fetch-Dest":"document","Referer":"http:\/\/localhost:8000\/modules","Accept-Encoding":"gzip, deflate, br, zstd","Accept-Language":"en-ID,en;q=0.9,id-ID;q=0.8,id;q=0.7,en-GB;q=0.6,en-US;q=0.5","Cookie":"PHPSESSID=otrgseh03h7bj4mercfp78q868"}
[2025-05-25 06:40:26] INFO: Request body: 
[2025-05-25 06:40:26] INFO: Controller Creating new module
[2025-05-25 06:40:26] INFO: Fetching parent module
[2025-05-25 06:40:38] INFO: Application started
[2025-05-25 06:40:38] INFO: Request method: GET
[2025-05-25 06:40:38] INFO: Request URI: /modules
[2025-05-25 06:40:38] INFO: Request headers: {"Host":"localhost:8000","Connection":"keep-alive","sec-ch-ua":"\"Chromium\";v=\"136\", \"Google Chrome\";v=\"136\", \"Not.A\/Brand\";v=\"99\"","sec-ch-ua-mobile":"?0","sec-ch-ua-platform":"\"Windows\"","DNT":"1","Upgrade-Insecure-Requests":"1","User-Agent":"Mozilla\/5.0 (Windows NT 10.0; Win64; x64) AppleWebKit\/537.36 (KHTML, like Gecko) Chrome\/136.0.0.0 Safari\/537.36","Accept":"text\/html,application\/xhtml+xml,application\/xml;q=0.9,image\/avif,image\/webp,image\/apng,*\/*;q=0.8,application\/signed-exchange;v=b3;q=0.7","Sec-Fetch-Site":"same-origin","Sec-Fetch-Mode":"navigate","Sec-Fetch-User":"?1","Sec-Fetch-Dest":"document","Referer":"http:\/\/localhost:8000\/modules\/create","Accept-Encoding":"gzip, deflate, br, zstd","Accept-Language":"en-ID,en;q=0.9,id-ID;q=0.8,id;q=0.7,en-GB;q=0.6,en-US;q=0.5","Cookie":"PHPSESSID=otrgseh03h7bj4mercfp78q868"}
[2025-05-25 06:40:38] INFO: Request body: 
[2025-05-25 06:40:38] INFO: Controller Fetching all modules
[2025-05-25 06:40:38] INFO: Fetching all modules
[2025-05-25 06:40:51] INFO: Application started
[2025-05-25 06:40:51] INFO: Request method: GET
[2025-05-25 06:40:51] INFO: Request URI: /modules/create
[2025-05-25 06:40:51] INFO: Request headers: {"Host":"localhost:8000","Connection":"keep-alive","sec-ch-ua":"\"Chromium\";v=\"136\", \"Google Chrome\";v=\"136\", \"Not.A\/Brand\";v=\"99\"","sec-ch-ua-mobile":"?0","sec-ch-ua-platform":"\"Windows\"","DNT":"1","Upgrade-Insecure-Requests":"1","User-Agent":"Mozilla\/5.0 (Windows NT 10.0; Win64; x64) AppleWebKit\/537.36 (KHTML, like Gecko) Chrome\/136.0.0.0 Safari\/537.36","Accept":"text\/html,application\/xhtml+xml,application\/xml;q=0.9,image\/avif,image\/webp,image\/apng,*\/*;q=0.8,application\/signed-exchange;v=b3;q=0.7","Sec-Fetch-Site":"same-origin","Sec-Fetch-Mode":"navigate","Sec-Fetch-User":"?1","Sec-Fetch-Dest":"document","Referer":"http:\/\/localhost:8000\/modules","Accept-Encoding":"gzip, deflate, br, zstd","Accept-Language":"en-ID,en;q=0.9,id-ID;q=0.8,id;q=0.7,en-GB;q=0.6,en-US;q=0.5","Cookie":"PHPSESSID=otrgseh03h7bj4mercfp78q868"}
[2025-05-25 06:40:51] INFO: Request body: 
[2025-05-25 06:40:51] INFO: Controller Creating new module
[2025-05-25 06:40:51] INFO: Fetching parent module
[2025-05-25 06:41:29] INFO: Application started
[2025-05-25 06:41:29] INFO: Request method: POST
[2025-05-25 06:41:29] INFO: Request URI: /modules/store
[2025-05-25 06:41:29] INFO: Request headers: {"Host":"localhost:8000","Connection":"keep-alive","Content-Length":"295","Cache-Control":"max-age=0","sec-ch-ua":"\"Chromium\";v=\"136\", \"Google Chrome\";v=\"136\", \"Not.A\/Brand\";v=\"99\"","sec-ch-ua-mobile":"?0","sec-ch-ua-platform":"\"Windows\"","Origin":"http:\/\/localhost:8000","DNT":"1","Upgrade-Insecure-Requests":"1","Content-Type":"application\/x-www-form-urlencoded","User-Agent":"Mozilla\/5.0 (Windows NT 10.0; Win64; x64) AppleWebKit\/537.36 (KHTML, like Gecko) Chrome\/136.0.0.0 Safari\/537.36","Accept":"text\/html,application\/xhtml+xml,application\/xml;q=0.9,image\/avif,image\/webp,image\/apng,*\/*;q=0.8,application\/signed-exchange;v=b3;q=0.7","Sec-Fetch-Site":"same-origin","Sec-Fetch-Mode":"navigate","Sec-Fetch-User":"?1","Sec-Fetch-Dest":"document","Referer":"http:\/\/localhost:8000\/modules\/create","Accept-Encoding":"gzip, deflate, br, zstd","Accept-Language":"en-ID,en;q=0.9,id-ID;q=0.8,id;q=0.7,en-GB;q=0.6,en-US;q=0.5","Cookie":"PHPSESSID=otrgseh03h7bj4mercfp78q868"}
[2025-05-25 06:41:29] INFO: Request body: _csrf_token=4014c828e795fba9ee4d7a2ea48c086937d08a5e777b3323cd60cf37882a48f2&parent_id=2&name=contract&description=contract+employee&permissions%5B%5D=5&permissions%5B%5D=6&permissions%5B%5D=7&permissions%5B%5D=8&permissions%5B%5D=9&permissions%5B%5D=10&permissions%5B%5D=12&permissions%5B%5D=13
[2025-05-25 06:41:29] INFO: Controller Storing new module
[2025-05-25 06:41:29] INFO: Creating new module: contract
[2025-05-25 06:41:29] INFO: Description: contract employee
[2025-05-25 06:41:29] INFO: Parent ID: 2
[2025-05-25 06:41:29] INFO: Permissions: 5, 6, 7, 8, 9, 10, 12, 13
[2025-05-25 06:41:29] INFO: Creating new module: contract
[2025-05-25 06:41:29] INFO: Application started
[2025-05-25 06:41:29] INFO: Request method: GET
[2025-05-25 06:41:29] INFO: Request URI: /modules
[2025-05-25 06:41:29] INFO: Request headers: {"Host":"localhost:8000","Connection":"keep-alive","Cache-Control":"max-age=0","DNT":"1","Upgrade-Insecure-Requests":"1","User-Agent":"Mozilla\/5.0 (Windows NT 10.0; Win64; x64) AppleWebKit\/537.36 (KHTML, like Gecko) Chrome\/136.0.0.0 Safari\/537.36","Accept":"text\/html,application\/xhtml+xml,application\/xml;q=0.9,image\/avif,image\/webp,image\/apng,*\/*;q=0.8,application\/signed-exchange;v=b3;q=0.7","Sec-Fetch-Site":"same-origin","Sec-Fetch-Mode":"navigate","Sec-Fetch-User":"?1","Sec-Fetch-Dest":"document","sec-ch-ua":"\"Chromium\";v=\"136\", \"Google Chrome\";v=\"136\", \"Not.A\/Brand\";v=\"99\"","sec-ch-ua-mobile":"?0","sec-ch-ua-platform":"\"Windows\"","Referer":"http:\/\/localhost:8000\/modules\/create","Accept-Encoding":"gzip, deflate, br, zstd","Accept-Language":"en-ID,en;q=0.9,id-ID;q=0.8,id;q=0.7,en-GB;q=0.6,en-US;q=0.5","Cookie":"PHPSESSID=otrgseh03h7bj4mercfp78q868"}
[2025-05-25 06:41:29] INFO: Request body: 
[2025-05-25 06:41:29] INFO: Controller Fetching all modules
[2025-05-25 06:41:29] INFO: Fetching all modules
[2025-05-25 06:41:57] INFO: Application started
[2025-05-25 06:41:57] INFO: Request method: GET
[2025-05-25 06:41:57] INFO: Request URI: /modules/edit/14
[2025-05-25 06:41:57] INFO: Request headers: {"Host":"localhost:8000","Connection":"keep-alive","sec-ch-ua":"\"Chromium\";v=\"136\", \"Google Chrome\";v=\"136\", \"Not.A\/Brand\";v=\"99\"","sec-ch-ua-mobile":"?0","sec-ch-ua-platform":"\"Windows\"","DNT":"1","Upgrade-Insecure-Requests":"1","User-Agent":"Mozilla\/5.0 (Windows NT 10.0; Win64; x64) AppleWebKit\/537.36 (KHTML, like Gecko) Chrome\/136.0.0.0 Safari\/537.36","Accept":"text\/html,application\/xhtml+xml,application\/xml;q=0.9,image\/avif,image\/webp,image\/apng,*\/*;q=0.8,application\/signed-exchange;v=b3;q=0.7","Sec-Fetch-Site":"same-origin","Sec-Fetch-Mode":"navigate","Sec-Fetch-User":"?1","Sec-Fetch-Dest":"document","Referer":"http:\/\/localhost:8000\/modules","Accept-Encoding":"gzip, deflate, br, zstd","Accept-Language":"en-ID,en;q=0.9,id-ID;q=0.8,id;q=0.7,en-GB;q=0.6,en-US;q=0.5","Cookie":"PHPSESSID=otrgseh03h7bj4mercfp78q868"}
[2025-05-25 06:41:57] INFO: Request body: 
[2025-05-25 06:41:57] INFO: Controller Editing module ID: 14
[2025-05-25 06:41:57] INFO: Fetching module ID: 14
[2025-05-25 06:41:57] INFO: Fetching parent module
[2025-05-25 06:48:51] INFO: Application started
[2025-05-25 06:48:51] INFO: Request method: GET
[2025-05-25 06:48:51] INFO: Request URI: /modules/edit/14
[2025-05-25 06:48:51] INFO: Request headers: {"Host":"localhost:8000","Connection":"keep-alive","Cache-Control":"max-age=0","sec-ch-ua":"\"Chromium\";v=\"136\", \"Google Chrome\";v=\"136\", \"Not.A\/Brand\";v=\"99\"","sec-ch-ua-mobile":"?0","sec-ch-ua-platform":"\"Windows\"","DNT":"1","Upgrade-Insecure-Requests":"1","User-Agent":"Mozilla\/5.0 (Windows NT 10.0; Win64; x64) AppleWebKit\/537.36 (KHTML, like Gecko) Chrome\/136.0.0.0 Safari\/537.36","Accept":"text\/html,application\/xhtml+xml,application\/xml;q=0.9,image\/avif,image\/webp,image\/apng,*\/*;q=0.8,application\/signed-exchange;v=b3;q=0.7","Sec-Fetch-Site":"same-origin","Sec-Fetch-Mode":"navigate","Sec-Fetch-User":"?1","Sec-Fetch-Dest":"document","Referer":"http:\/\/localhost:8000\/modules","Accept-Encoding":"gzip, deflate, br, zstd","Accept-Language":"en-ID,en;q=0.9,id-ID;q=0.8,id;q=0.7,en-GB;q=0.6,en-US;q=0.5","Cookie":"PHPSESSID=otrgseh03h7bj4mercfp78q868"}
[2025-05-25 06:48:51] INFO: Request body: 
[2025-05-25 06:48:51] INFO: Controller Editing module ID: 14
[2025-05-25 06:48:51] INFO: Fetching module ID: 14
[2025-05-25 06:48:51] INFO: Fetching parent module
[2025-05-25 06:48:51] INFO: Fetching all permissions
[2025-05-25 06:48:51] INFO: Fetching permissions for module ID: 14
[2025-05-25 06:49:11] INFO: Application started
[2025-05-25 06:49:11] INFO: Request method: GET
[2025-05-25 06:49:11] INFO: Request URI: /modules/edit/14
[2025-05-25 06:49:11] INFO: Request headers: {"Host":"localhost:8000","Connection":"keep-alive","Cache-Control":"max-age=0","sec-ch-ua":"\"Chromium\";v=\"136\", \"Google Chrome\";v=\"136\", \"Not.A\/Brand\";v=\"99\"","sec-ch-ua-mobile":"?0","sec-ch-ua-platform":"\"Windows\"","DNT":"1","Upgrade-Insecure-Requests":"1","User-Agent":"Mozilla\/5.0 (Windows NT 10.0; Win64; x64) AppleWebKit\/537.36 (KHTML, like Gecko) Chrome\/136.0.0.0 Safari\/537.36","Accept":"text\/html,application\/xhtml+xml,application\/xml;q=0.9,image\/avif,image\/webp,image\/apng,*\/*;q=0.8,application\/signed-exchange;v=b3;q=0.7","Sec-Fetch-Site":"same-origin","Sec-Fetch-Mode":"navigate","Sec-Fetch-User":"?1","Sec-Fetch-Dest":"document","Referer":"http:\/\/localhost:8000\/modules","Accept-Encoding":"gzip, deflate, br, zstd","Accept-Language":"en-ID,en;q=0.9,id-ID;q=0.8,id;q=0.7,en-GB;q=0.6,en-US;q=0.5","Cookie":"PHPSESSID=otrgseh03h7bj4mercfp78q868"}
[2025-05-25 06:49:11] INFO: Request body: 
[2025-05-25 06:49:11] INFO: Controller Editing module ID: 14
[2025-05-25 06:49:11] INFO: Fetching module ID: 14
[2025-05-25 06:49:11] INFO: Fetching parent module
[2025-05-25 06:49:11] INFO: Fetching all permissions
[2025-05-25 06:49:11] INFO: Fetching permissions for module ID: 14
[2025-05-25 06:50:18] INFO: Application started
[2025-05-25 06:50:18] INFO: Request method: GET
[2025-05-25 06:50:18] INFO: Request URI: /modules/edit/14
[2025-05-25 06:50:18] INFO: Request headers: {"Host":"localhost:8000","Connection":"keep-alive","Cache-Control":"max-age=0","sec-ch-ua":"\"Chromium\";v=\"136\", \"Google Chrome\";v=\"136\", \"Not.A\/Brand\";v=\"99\"","sec-ch-ua-mobile":"?0","sec-ch-ua-platform":"\"Windows\"","DNT":"1","Upgrade-Insecure-Requests":"1","User-Agent":"Mozilla\/5.0 (Windows NT 10.0; Win64; x64) AppleWebKit\/537.36 (KHTML, like Gecko) Chrome\/136.0.0.0 Safari\/537.36","Accept":"text\/html,application\/xhtml+xml,application\/xml;q=0.9,image\/avif,image\/webp,image\/apng,*\/*;q=0.8,application\/signed-exchange;v=b3;q=0.7","Sec-Fetch-Site":"same-origin","Sec-Fetch-Mode":"navigate","Sec-Fetch-User":"?1","Sec-Fetch-Dest":"document","Referer":"http:\/\/localhost:8000\/modules","Accept-Encoding":"gzip, deflate, br, zstd","Accept-Language":"en-ID,en;q=0.9,id-ID;q=0.8,id;q=0.7,en-GB;q=0.6,en-US;q=0.5","Cookie":"PHPSESSID=otrgseh03h7bj4mercfp78q868"}
[2025-05-25 06:50:18] INFO: Request body: 
[2025-05-25 06:50:19] INFO: Controller Editing module ID: 14
[2025-05-25 06:50:19] INFO: Fetching module ID: 14
[2025-05-25 06:50:19] INFO: Fetching parent module
[2025-05-25 06:50:19] INFO: Fetching all permissions
[2025-05-25 06:50:19] INFO: Fetching permissions for module ID: 14
[2025-05-25 06:50:36] INFO: Application started
[2025-05-25 06:50:36] INFO: Request method: GET
[2025-05-25 06:50:36] INFO: Request URI: /modules/edit/14
[2025-05-25 06:50:36] INFO: Request headers: {"Host":"localhost:8000","Connection":"keep-alive","Cache-Control":"max-age=0","sec-ch-ua":"\"Chromium\";v=\"136\", \"Google Chrome\";v=\"136\", \"Not.A\/Brand\";v=\"99\"","sec-ch-ua-mobile":"?0","sec-ch-ua-platform":"\"Windows\"","DNT":"1","Upgrade-Insecure-Requests":"1","User-Agent":"Mozilla\/5.0 (Windows NT 10.0; Win64; x64) AppleWebKit\/537.36 (KHTML, like Gecko) Chrome\/136.0.0.0 Safari\/537.36","Accept":"text\/html,application\/xhtml+xml,application\/xml;q=0.9,image\/avif,image\/webp,image\/apng,*\/*;q=0.8,application\/signed-exchange;v=b3;q=0.7","Sec-Fetch-Site":"same-origin","Sec-Fetch-Mode":"navigate","Sec-Fetch-User":"?1","Sec-Fetch-Dest":"document","Referer":"http:\/\/localhost:8000\/modules","Accept-Encoding":"gzip, deflate, br, zstd","Accept-Language":"en-ID,en;q=0.9,id-ID;q=0.8,id;q=0.7,en-GB;q=0.6,en-US;q=0.5","Cookie":"PHPSESSID=otrgseh03h7bj4mercfp78q868"}
[2025-05-25 06:50:36] INFO: Request body: 
[2025-05-25 06:50:36] INFO: Controller Editing module ID: 14
[2025-05-25 06:50:36] INFO: Fetching module ID: 14
[2025-05-25 06:50:36] INFO: Fetching parent module
[2025-05-25 06:50:36] INFO: Fetching all permissions
[2025-05-25 06:50:36] INFO: Fetching permissions for module ID: 14
[2025-05-25 06:50:39] INFO: Application started
[2025-05-25 06:50:39] INFO: Request method: GET
[2025-05-25 06:50:39] INFO: Request URI: /modules
[2025-05-25 06:50:39] INFO: Request headers: {"Host":"localhost:8000","Connection":"keep-alive","sec-ch-ua":"\"Chromium\";v=\"136\", \"Google Chrome\";v=\"136\", \"Not.A\/Brand\";v=\"99\"","sec-ch-ua-mobile":"?0","sec-ch-ua-platform":"\"Windows\"","DNT":"1","Upgrade-Insecure-Requests":"1","User-Agent":"Mozilla\/5.0 (Windows NT 10.0; Win64; x64) AppleWebKit\/537.36 (KHTML, like Gecko) Chrome\/136.0.0.0 Safari\/537.36","Accept":"text\/html,application\/xhtml+xml,application\/xml;q=0.9,image\/avif,image\/webp,image\/apng,*\/*;q=0.8,application\/signed-exchange;v=b3;q=0.7","Sec-Fetch-Site":"same-origin","Sec-Fetch-Mode":"navigate","Sec-Fetch-User":"?1","Sec-Fetch-Dest":"document","Referer":"http:\/\/localhost:8000\/modules\/edit\/14","Accept-Encoding":"gzip, deflate, br, zstd","Accept-Language":"en-ID,en;q=0.9,id-ID;q=0.8,id;q=0.7,en-GB;q=0.6,en-US;q=0.5","Cookie":"PHPSESSID=otrgseh03h7bj4mercfp78q868"}
[2025-05-25 06:50:39] INFO: Request body: 
[2025-05-25 06:50:39] INFO: Controller Fetching all modules
[2025-05-25 06:50:39] INFO: Fetching all modules
[2025-05-25 06:50:42] INFO: Application started
[2025-05-25 06:50:42] INFO: Request method: GET
[2025-05-25 06:50:42] INFO: Request URI: /modules/edit/2
[2025-05-25 06:50:42] INFO: Request headers: {"Host":"localhost:8000","Connection":"keep-alive","sec-ch-ua":"\"Chromium\";v=\"136\", \"Google Chrome\";v=\"136\", \"Not.A\/Brand\";v=\"99\"","sec-ch-ua-mobile":"?0","sec-ch-ua-platform":"\"Windows\"","DNT":"1","Upgrade-Insecure-Requests":"1","User-Agent":"Mozilla\/5.0 (Windows NT 10.0; Win64; x64) AppleWebKit\/537.36 (KHTML, like Gecko) Chrome\/136.0.0.0 Safari\/537.36","Accept":"text\/html,application\/xhtml+xml,application\/xml;q=0.9,image\/avif,image\/webp,image\/apng,*\/*;q=0.8,application\/signed-exchange;v=b3;q=0.7","Sec-Fetch-Site":"same-origin","Sec-Fetch-Mode":"navigate","Sec-Fetch-User":"?1","Sec-Fetch-Dest":"document","Referer":"http:\/\/localhost:8000\/modules","Accept-Encoding":"gzip, deflate, br, zstd","Accept-Language":"en-ID,en;q=0.9,id-ID;q=0.8,id;q=0.7,en-GB;q=0.6,en-US;q=0.5","Cookie":"PHPSESSID=otrgseh03h7bj4mercfp78q868"}
[2025-05-25 06:50:42] INFO: Request body: 
[2025-05-25 06:50:42] INFO: Controller Editing module ID: 2
[2025-05-25 06:50:42] INFO: Fetching module ID: 2
[2025-05-25 06:50:42] INFO: Fetching parent module
[2025-05-25 06:50:42] INFO: Fetching all permissions
[2025-05-25 06:50:42] INFO: Fetching permissions for module ID: 2
[2025-05-25 06:50:45] INFO: Application started
[2025-05-25 06:50:45] INFO: Request method: GET
[2025-05-25 06:50:45] INFO: Request URI: /modules
[2025-05-25 06:50:45] INFO: Request headers: {"Host":"localhost:8000","Connection":"keep-alive","sec-ch-ua":"\"Chromium\";v=\"136\", \"Google Chrome\";v=\"136\", \"Not.A\/Brand\";v=\"99\"","sec-ch-ua-mobile":"?0","sec-ch-ua-platform":"\"Windows\"","DNT":"1","Upgrade-Insecure-Requests":"1","User-Agent":"Mozilla\/5.0 (Windows NT 10.0; Win64; x64) AppleWebKit\/537.36 (KHTML, like Gecko) Chrome\/136.0.0.0 Safari\/537.36","Accept":"text\/html,application\/xhtml+xml,application\/xml;q=0.9,image\/avif,image\/webp,image\/apng,*\/*;q=0.8,application\/signed-exchange;v=b3;q=0.7","Sec-Fetch-Site":"same-origin","Sec-Fetch-Mode":"navigate","Sec-Fetch-User":"?1","Sec-Fetch-Dest":"document","Referer":"http:\/\/localhost:8000\/modules\/edit\/2","Accept-Encoding":"gzip, deflate, br, zstd","Accept-Language":"en-ID,en;q=0.9,id-ID;q=0.8,id;q=0.7,en-GB;q=0.6,en-US;q=0.5","Cookie":"PHPSESSID=otrgseh03h7bj4mercfp78q868"}
[2025-05-25 06:50:45] INFO: Request body: 
[2025-05-25 06:50:45] INFO: Controller Fetching all modules
[2025-05-25 06:50:45] INFO: Fetching all modules
[2025-05-25 06:50:50] INFO: Application started
[2025-05-25 06:50:50] INFO: Request method: GET
[2025-05-25 06:50:50] INFO: Request URI: /modules/edit/6
[2025-05-25 06:50:50] INFO: Request headers: {"Host":"localhost:8000","Connection":"keep-alive","sec-ch-ua":"\"Chromium\";v=\"136\", \"Google Chrome\";v=\"136\", \"Not.A\/Brand\";v=\"99\"","sec-ch-ua-mobile":"?0","sec-ch-ua-platform":"\"Windows\"","DNT":"1","Upgrade-Insecure-Requests":"1","User-Agent":"Mozilla\/5.0 (Windows NT 10.0; Win64; x64) AppleWebKit\/537.36 (KHTML, like Gecko) Chrome\/136.0.0.0 Safari\/537.36","Accept":"text\/html,application\/xhtml+xml,application\/xml;q=0.9,image\/avif,image\/webp,image\/apng,*\/*;q=0.8,application\/signed-exchange;v=b3;q=0.7","Sec-Fetch-Site":"same-origin","Sec-Fetch-Mode":"navigate","Sec-Fetch-User":"?1","Sec-Fetch-Dest":"document","Referer":"http:\/\/localhost:8000\/modules","Accept-Encoding":"gzip, deflate, br, zstd","Accept-Language":"en-ID,en;q=0.9,id-ID;q=0.8,id;q=0.7,en-GB;q=0.6,en-US;q=0.5","Cookie":"PHPSESSID=otrgseh03h7bj4mercfp78q868"}
[2025-05-25 06:50:50] INFO: Request body: 
[2025-05-25 06:50:50] INFO: Controller Editing module ID: 6
[2025-05-25 06:50:50] INFO: Fetching module ID: 6
[2025-05-25 06:50:50] INFO: Fetching parent module
[2025-05-25 06:50:50] INFO: Fetching all permissions
[2025-05-25 06:50:50] INFO: Fetching permissions for module ID: 6
[2025-05-25 06:50:52] INFO: Application started
[2025-05-25 06:50:52] INFO: Request method: GET
[2025-05-25 06:50:52] INFO: Request URI: /modules
[2025-05-25 06:50:52] INFO: Request headers: {"Host":"localhost:8000","Connection":"keep-alive","sec-ch-ua":"\"Chromium\";v=\"136\", \"Google Chrome\";v=\"136\", \"Not.A\/Brand\";v=\"99\"","sec-ch-ua-mobile":"?0","sec-ch-ua-platform":"\"Windows\"","DNT":"1","Upgrade-Insecure-Requests":"1","User-Agent":"Mozilla\/5.0 (Windows NT 10.0; Win64; x64) AppleWebKit\/537.36 (KHTML, like Gecko) Chrome\/136.0.0.0 Safari\/537.36","Accept":"text\/html,application\/xhtml+xml,application\/xml;q=0.9,image\/avif,image\/webp,image\/apng,*\/*;q=0.8,application\/signed-exchange;v=b3;q=0.7","Sec-Fetch-Site":"same-origin","Sec-Fetch-Mode":"navigate","Sec-Fetch-User":"?1","Sec-Fetch-Dest":"document","Referer":"http:\/\/localhost:8000\/modules\/edit\/6","Accept-Encoding":"gzip, deflate, br, zstd","Accept-Language":"en-ID,en;q=0.9,id-ID;q=0.8,id;q=0.7,en-GB;q=0.6,en-US;q=0.5","Cookie":"PHPSESSID=otrgseh03h7bj4mercfp78q868"}
[2025-05-25 06:50:52] INFO: Request body: 
[2025-05-25 06:50:52] INFO: Controller Fetching all modules
[2025-05-25 06:50:52] INFO: Fetching all modules
[2025-05-25 06:50:55] INFO: Application started
[2025-05-25 06:50:55] INFO: Request method: GET
[2025-05-25 06:50:55] INFO: Request URI: /modules/edit/4
[2025-05-25 06:50:55] INFO: Request headers: {"Host":"localhost:8000","Connection":"keep-alive","sec-ch-ua":"\"Chromium\";v=\"136\", \"Google Chrome\";v=\"136\", \"Not.A\/Brand\";v=\"99\"","sec-ch-ua-mobile":"?0","sec-ch-ua-platform":"\"Windows\"","DNT":"1","Upgrade-Insecure-Requests":"1","User-Agent":"Mozilla\/5.0 (Windows NT 10.0; Win64; x64) AppleWebKit\/537.36 (KHTML, like Gecko) Chrome\/136.0.0.0 Safari\/537.36","Accept":"text\/html,application\/xhtml+xml,application\/xml;q=0.9,image\/avif,image\/webp,image\/apng,*\/*;q=0.8,application\/signed-exchange;v=b3;q=0.7","Sec-Fetch-Site":"same-origin","Sec-Fetch-Mode":"navigate","Sec-Fetch-User":"?1","Sec-Fetch-Dest":"document","Referer":"http:\/\/localhost:8000\/modules","Accept-Encoding":"gzip, deflate, br, zstd","Accept-Language":"en-ID,en;q=0.9,id-ID;q=0.8,id;q=0.7,en-GB;q=0.6,en-US;q=0.5","Cookie":"PHPSESSID=otrgseh03h7bj4mercfp78q868"}
[2025-05-25 06:50:55] INFO: Request body: 
[2025-05-25 06:50:55] INFO: Controller Editing module ID: 4
[2025-05-25 06:50:55] INFO: Fetching module ID: 4
[2025-05-25 06:50:55] INFO: Fetching parent module
[2025-05-25 06:50:55] INFO: Fetching all permissions
[2025-05-25 06:50:55] INFO: Fetching permissions for module ID: 4
[2025-05-25 06:50:58] INFO: Application started
[2025-05-25 06:50:58] INFO: Request method: GET
[2025-05-25 06:50:58] INFO: Request URI: /modules
[2025-05-25 06:50:58] INFO: Request headers: {"Host":"localhost:8000","Connection":"keep-alive","sec-ch-ua":"\"Chromium\";v=\"136\", \"Google Chrome\";v=\"136\", \"Not.A\/Brand\";v=\"99\"","sec-ch-ua-mobile":"?0","sec-ch-ua-platform":"\"Windows\"","DNT":"1","Upgrade-Insecure-Requests":"1","User-Agent":"Mozilla\/5.0 (Windows NT 10.0; Win64; x64) AppleWebKit\/537.36 (KHTML, like Gecko) Chrome\/136.0.0.0 Safari\/537.36","Accept":"text\/html,application\/xhtml+xml,application\/xml;q=0.9,image\/avif,image\/webp,image\/apng,*\/*;q=0.8,application\/signed-exchange;v=b3;q=0.7","Sec-Fetch-Site":"same-origin","Sec-Fetch-Mode":"navigate","Sec-Fetch-User":"?1","Sec-Fetch-Dest":"document","Referer":"http:\/\/localhost:8000\/modules\/edit\/4","Accept-Encoding":"gzip, deflate, br, zstd","Accept-Language":"en-ID,en;q=0.9,id-ID;q=0.8,id;q=0.7,en-GB;q=0.6,en-US;q=0.5","Cookie":"PHPSESSID=otrgseh03h7bj4mercfp78q868"}
[2025-05-25 06:50:58] INFO: Request body: 
[2025-05-25 06:50:58] INFO: Controller Fetching all modules
[2025-05-25 06:50:58] INFO: Fetching all modules
[2025-05-25 06:51:06] INFO: Application started
[2025-05-25 06:51:06] INFO: Request method: GET
[2025-05-25 06:51:06] INFO: Request URI: /modules/edit/9
[2025-05-25 06:51:06] INFO: Request headers: {"Host":"localhost:8000","Connection":"keep-alive","sec-ch-ua":"\"Chromium\";v=\"136\", \"Google Chrome\";v=\"136\", \"Not.A\/Brand\";v=\"99\"","sec-ch-ua-mobile":"?0","sec-ch-ua-platform":"\"Windows\"","DNT":"1","Upgrade-Insecure-Requests":"1","User-Agent":"Mozilla\/5.0 (Windows NT 10.0; Win64; x64) AppleWebKit\/537.36 (KHTML, like Gecko) Chrome\/136.0.0.0 Safari\/537.36","Accept":"text\/html,application\/xhtml+xml,application\/xml;q=0.9,image\/avif,image\/webp,image\/apng,*\/*;q=0.8,application\/signed-exchange;v=b3;q=0.7","Sec-Fetch-Site":"same-origin","Sec-Fetch-Mode":"navigate","Sec-Fetch-User":"?1","Sec-Fetch-Dest":"document","Referer":"http:\/\/localhost:8000\/modules","Accept-Encoding":"gzip, deflate, br, zstd","Accept-Language":"en-ID,en;q=0.9,id-ID;q=0.8,id;q=0.7,en-GB;q=0.6,en-US;q=0.5","Cookie":"PHPSESSID=otrgseh03h7bj4mercfp78q868"}
[2025-05-25 06:51:06] INFO: Request body: 
[2025-05-25 06:51:06] INFO: Controller Editing module ID: 9
[2025-05-25 06:51:06] INFO: Fetching module ID: 9
[2025-05-25 06:51:06] INFO: Fetching parent module
[2025-05-25 06:51:06] INFO: Fetching all permissions
[2025-05-25 06:51:06] INFO: Fetching permissions for module ID: 9
[2025-05-25 06:55:47] INFO: Application started
[2025-05-25 06:55:47] INFO: Request method: GET
[2025-05-25 06:55:47] INFO: Request URI: /modules/edit/9
[2025-05-25 06:55:47] INFO: Request headers: {"Host":"localhost:8000","Connection":"keep-alive","Cache-Control":"max-age=0","sec-ch-ua":"\"Chromium\";v=\"136\", \"Google Chrome\";v=\"136\", \"Not.A\/Brand\";v=\"99\"","sec-ch-ua-mobile":"?0","sec-ch-ua-platform":"\"Windows\"","DNT":"1","Upgrade-Insecure-Requests":"1","User-Agent":"Mozilla\/5.0 (Windows NT 10.0; Win64; x64) AppleWebKit\/537.36 (KHTML, like Gecko) Chrome\/136.0.0.0 Safari\/537.36","Accept":"text\/html,application\/xhtml+xml,application\/xml;q=0.9,image\/avif,image\/webp,image\/apng,*\/*;q=0.8,application\/signed-exchange;v=b3;q=0.7","Sec-Fetch-Site":"same-origin","Sec-Fetch-Mode":"navigate","Sec-Fetch-User":"?1","Sec-Fetch-Dest":"document","Referer":"http:\/\/localhost:8000\/modules","Accept-Encoding":"gzip, deflate, br, zstd","Accept-Language":"en-ID,en;q=0.9,id-ID;q=0.8,id;q=0.7,en-GB;q=0.6,en-US;q=0.5","Cookie":"PHPSESSID=otrgseh03h7bj4mercfp78q868"}
[2025-05-25 06:55:47] INFO: Request body: 
[2025-05-25 06:55:47] INFO: Controller Editing module ID: 9
[2025-05-25 06:55:47] INFO: Fetching module ID: 9
[2025-05-25 06:55:47] INFO: Fetching parent module
[2025-05-25 06:55:47] INFO: Fetching all permissions
[2025-05-25 06:55:47] INFO: Fetching permissions for module ID: 9
[2025-05-25 06:55:53] INFO: Application started
[2025-05-25 06:55:53] INFO: Request method: POST
[2025-05-25 06:55:53] INFO: Request URI: /modules/update/9
[2025-05-25 06:55:53] INFO: Request headers: {"Host":"localhost:8000","Connection":"keep-alive","Content-Length":"195","Cache-Control":"max-age=0","sec-ch-ua":"\"Chromium\";v=\"136\", \"Google Chrome\";v=\"136\", \"Not.A\/Brand\";v=\"99\"","sec-ch-ua-mobile":"?0","sec-ch-ua-platform":"\"Windows\"","Origin":"http:\/\/localhost:8000","DNT":"1","Upgrade-Insecure-Requests":"1","Content-Type":"application\/x-www-form-urlencoded","User-Agent":"Mozilla\/5.0 (Windows NT 10.0; Win64; x64) AppleWebKit\/537.36 (KHTML, like Gecko) Chrome\/136.0.0.0 Safari\/537.36","Accept":"text\/html,application\/xhtml+xml,application\/xml;q=0.9,image\/avif,image\/webp,image\/apng,*\/*;q=0.8,application\/signed-exchange;v=b3;q=0.7","Sec-Fetch-Site":"same-origin","Sec-Fetch-Mode":"navigate","Sec-Fetch-User":"?1","Sec-Fetch-Dest":"document","Referer":"http:\/\/localhost:8000\/modules\/edit\/9","Accept-Encoding":"gzip, deflate, br, zstd","Accept-Language":"en-ID,en;q=0.9,id-ID;q=0.8,id;q=0.7,en-GB;q=0.6,en-US;q=0.5","Cookie":"PHPSESSID=otrgseh03h7bj4mercfp78q868"}
[2025-05-25 06:55:53] INFO: Request body: _csrf_token=4014c828e795fba9ee4d7a2ea48c086937d08a5e777b3323cd60cf37882a48f2&parent_id=8&name=role&description=Role&permissions%5B%5D=5&permissions%5B%5D=6&permissions%5B%5D=7&permissions%5B%5D=8
[2025-05-25 06:55:53] INFO: Controller Updating module ID: 9
[2025-05-25 06:55:53] INFO: Updating module ID: 9
[2025-05-25 06:55:53] INFO: New Name: role
[2025-05-25 06:55:53] INFO: New Description: Role
[2025-05-25 06:55:53] INFO: New Parent ID: 8
[2025-05-25 06:55:53] INFO: Updating module ID: 9
[2025-05-25 06:55:53] INFO: Updating permissions for module ID: 9
[2025-05-25 06:55:53] INFO: Application started
[2025-05-25 06:55:53] INFO: Request method: GET
[2025-05-25 06:55:53] INFO: Request URI: /modules
[2025-05-25 06:55:53] INFO: Request headers: {"Host":"localhost:8000","Connection":"keep-alive","Cache-Control":"max-age=0","DNT":"1","Upgrade-Insecure-Requests":"1","User-Agent":"Mozilla\/5.0 (Windows NT 10.0; Win64; x64) AppleWebKit\/537.36 (KHTML, like Gecko) Chrome\/136.0.0.0 Safari\/537.36","Accept":"text\/html,application\/xhtml+xml,application\/xml;q=0.9,image\/avif,image\/webp,image\/apng,*\/*;q=0.8,application\/signed-exchange;v=b3;q=0.7","Sec-Fetch-Site":"same-origin","Sec-Fetch-Mode":"navigate","Sec-Fetch-User":"?1","Sec-Fetch-Dest":"document","sec-ch-ua":"\"Chromium\";v=\"136\", \"Google Chrome\";v=\"136\", \"Not.A\/Brand\";v=\"99\"","sec-ch-ua-mobile":"?0","sec-ch-ua-platform":"\"Windows\"","Referer":"http:\/\/localhost:8000\/modules\/edit\/9","Accept-Encoding":"gzip, deflate, br, zstd","Accept-Language":"en-ID,en;q=0.9,id-ID;q=0.8,id;q=0.7,en-GB;q=0.6,en-US;q=0.5","Cookie":"PHPSESSID=otrgseh03h7bj4mercfp78q868"}
[2025-05-25 06:55:53] INFO: Request body: 
[2025-05-25 06:55:53] INFO: Controller Fetching all modules
[2025-05-25 06:55:53] INFO: Fetching all modules
[2025-05-25 06:55:59] INFO: Application started
[2025-05-25 06:55:59] INFO: Request method: GET
[2025-05-25 06:55:59] INFO: Request URI: /modules/edit/4
[2025-05-25 06:55:59] INFO: Request headers: {"Host":"localhost:8000","Connection":"keep-alive","sec-ch-ua":"\"Chromium\";v=\"136\", \"Google Chrome\";v=\"136\", \"Not.A\/Brand\";v=\"99\"","sec-ch-ua-mobile":"?0","sec-ch-ua-platform":"\"Windows\"","DNT":"1","Upgrade-Insecure-Requests":"1","User-Agent":"Mozilla\/5.0 (Windows NT 10.0; Win64; x64) AppleWebKit\/537.36 (KHTML, like Gecko) Chrome\/136.0.0.0 Safari\/537.36","Accept":"text\/html,application\/xhtml+xml,application\/xml;q=0.9,image\/avif,image\/webp,image\/apng,*\/*;q=0.8,application\/signed-exchange;v=b3;q=0.7","Sec-Fetch-Site":"same-origin","Sec-Fetch-Mode":"navigate","Sec-Fetch-User":"?1","Sec-Fetch-Dest":"document","Referer":"http:\/\/localhost:8000\/modules","Accept-Encoding":"gzip, deflate, br, zstd","Accept-Language":"en-ID,en;q=0.9,id-ID;q=0.8,id;q=0.7,en-GB;q=0.6,en-US;q=0.5","Cookie":"PHPSESSID=otrgseh03h7bj4mercfp78q868"}
[2025-05-25 06:55:59] INFO: Request body: 
[2025-05-25 06:55:59] INFO: Controller Editing module ID: 4
[2025-05-25 06:55:59] INFO: Fetching module ID: 4
[2025-05-25 06:55:59] INFO: Fetching parent module
[2025-05-25 06:55:59] INFO: Fetching all permissions
[2025-05-25 06:55:59] INFO: Fetching permissions for module ID: 4
[2025-05-25 06:56:02] INFO: Application started
[2025-05-25 06:56:02] INFO: Request method: POST
[2025-05-25 06:56:02] INFO: Request URI: /modules/update/4
[2025-05-25 06:56:02] INFO: Request headers: {"Host":"localhost:8000","Connection":"keep-alive","Content-Length":"231","Cache-Control":"max-age=0","sec-ch-ua":"\"Chromium\";v=\"136\", \"Google Chrome\";v=\"136\", \"Not.A\/Brand\";v=\"99\"","sec-ch-ua-mobile":"?0","sec-ch-ua-platform":"\"Windows\"","Origin":"http:\/\/localhost:8000","DNT":"1","Upgrade-Insecure-Requests":"1","Content-Type":"application\/x-www-form-urlencoded","User-Agent":"Mozilla\/5.0 (Windows NT 10.0; Win64; x64) AppleWebKit\/537.36 (KHTML, like Gecko) Chrome\/136.0.0.0 Safari\/537.36","Accept":"text\/html,application\/xhtml+xml,application\/xml;q=0.9,image\/avif,image\/webp,image\/apng,*\/*;q=0.8,application\/signed-exchange;v=b3;q=0.7","Sec-Fetch-Site":"same-origin","Sec-Fetch-Mode":"navigate","Sec-Fetch-User":"?1","Sec-Fetch-Dest":"document","Referer":"http:\/\/localhost:8000\/modules\/edit\/4","Accept-Encoding":"gzip, deflate, br, zstd","Accept-Language":"en-ID,en;q=0.9,id-ID;q=0.8,id;q=0.7,en-GB;q=0.6,en-US;q=0.5","Cookie":"PHPSESSID=otrgseh03h7bj4mercfp78q868"}
[2025-05-25 06:56:02] INFO: Request body: _csrf_token=4014c828e795fba9ee4d7a2ea48c086937d08a5e777b3323cd60cf37882a48f2&parent_id=2&name=employee&description=Manage+employees&permissions%5B%5D=5&permissions%5B%5D=6&permissions%5B%5D=7&permissions%5B%5D=8&permissions%5B%5D=9
[2025-05-25 06:56:02] INFO: Controller Updating module ID: 4
[2025-05-25 06:56:02] INFO: Updating module ID: 4
[2025-05-25 06:56:02] INFO: New Name: employee
[2025-05-25 06:56:02] INFO: New Description: Manage employees
[2025-05-25 06:56:02] INFO: New Parent ID: 2
[2025-05-25 06:56:02] INFO: Updating module ID: 4
[2025-05-25 06:56:02] INFO: Updating permissions for module ID: 4
[2025-05-25 06:56:03] INFO: Application started
[2025-05-25 06:56:03] INFO: Request method: GET
[2025-05-25 06:56:03] INFO: Request URI: /modules
[2025-05-25 06:56:03] INFO: Request headers: {"Host":"localhost:8000","Connection":"keep-alive","Cache-Control":"max-age=0","DNT":"1","Upgrade-Insecure-Requests":"1","User-Agent":"Mozilla\/5.0 (Windows NT 10.0; Win64; x64) AppleWebKit\/537.36 (KHTML, like Gecko) Chrome\/136.0.0.0 Safari\/537.36","Accept":"text\/html,application\/xhtml+xml,application\/xml;q=0.9,image\/avif,image\/webp,image\/apng,*\/*;q=0.8,application\/signed-exchange;v=b3;q=0.7","Sec-Fetch-Site":"same-origin","Sec-Fetch-Mode":"navigate","Sec-Fetch-User":"?1","Sec-Fetch-Dest":"document","sec-ch-ua":"\"Chromium\";v=\"136\", \"Google Chrome\";v=\"136\", \"Not.A\/Brand\";v=\"99\"","sec-ch-ua-mobile":"?0","sec-ch-ua-platform":"\"Windows\"","Referer":"http:\/\/localhost:8000\/modules\/edit\/4","Accept-Encoding":"gzip, deflate, br, zstd","Accept-Language":"en-ID,en;q=0.9,id-ID;q=0.8,id;q=0.7,en-GB;q=0.6,en-US;q=0.5","Cookie":"PHPSESSID=otrgseh03h7bj4mercfp78q868"}
[2025-05-25 06:56:03] INFO: Request body: 
[2025-05-25 06:56:03] INFO: Controller Fetching all modules
[2025-05-25 06:56:03] INFO: Fetching all modules
[2025-05-25 06:56:06] INFO: Application started
[2025-05-25 06:56:06] INFO: Request method: GET
[2025-05-25 06:56:06] INFO: Request URI: /modules/edit/4
[2025-05-25 06:56:06] INFO: Request headers: {"Host":"localhost:8000","Connection":"keep-alive","sec-ch-ua":"\"Chromium\";v=\"136\", \"Google Chrome\";v=\"136\", \"Not.A\/Brand\";v=\"99\"","sec-ch-ua-mobile":"?0","sec-ch-ua-platform":"\"Windows\"","DNT":"1","Upgrade-Insecure-Requests":"1","User-Agent":"Mozilla\/5.0 (Windows NT 10.0; Win64; x64) AppleWebKit\/537.36 (KHTML, like Gecko) Chrome\/136.0.0.0 Safari\/537.36","Accept":"text\/html,application\/xhtml+xml,application\/xml;q=0.9,image\/avif,image\/webp,image\/apng,*\/*;q=0.8,application\/signed-exchange;v=b3;q=0.7","Sec-Fetch-Site":"same-origin","Sec-Fetch-Mode":"navigate","Sec-Fetch-User":"?1","Sec-Fetch-Dest":"document","Referer":"http:\/\/localhost:8000\/modules","Accept-Encoding":"gzip, deflate, br, zstd","Accept-Language":"en-ID,en;q=0.9,id-ID;q=0.8,id;q=0.7,en-GB;q=0.6,en-US;q=0.5","Cookie":"PHPSESSID=otrgseh03h7bj4mercfp78q868"}
[2025-05-25 06:56:06] INFO: Request body: 
[2025-05-25 06:56:06] INFO: Controller Editing module ID: 4
[2025-05-25 06:56:06] INFO: Fetching module ID: 4
[2025-05-25 06:56:06] INFO: Fetching parent module
[2025-05-25 06:56:06] INFO: Fetching all permissions
[2025-05-25 06:56:06] INFO: Fetching permissions for module ID: 4
[2025-05-25 06:56:09] INFO: Application started
[2025-05-25 06:56:09] INFO: Request method: POST
[2025-05-25 06:56:09] INFO: Request URI: /modules/update/4
[2025-05-25 06:56:09] INFO: Request headers: {"Host":"localhost:8000","Connection":"keep-alive","Content-Length":"211","Cache-Control":"max-age=0","sec-ch-ua":"\"Chromium\";v=\"136\", \"Google Chrome\";v=\"136\", \"Not.A\/Brand\";v=\"99\"","sec-ch-ua-mobile":"?0","sec-ch-ua-platform":"\"Windows\"","Origin":"http:\/\/localhost:8000","DNT":"1","Upgrade-Insecure-Requests":"1","Content-Type":"application\/x-www-form-urlencoded","User-Agent":"Mozilla\/5.0 (Windows NT 10.0; Win64; x64) AppleWebKit\/537.36 (KHTML, like Gecko) Chrome\/136.0.0.0 Safari\/537.36","Accept":"text\/html,application\/xhtml+xml,application\/xml;q=0.9,image\/avif,image\/webp,image\/apng,*\/*;q=0.8,application\/signed-exchange;v=b3;q=0.7","Sec-Fetch-Site":"same-origin","Sec-Fetch-Mode":"navigate","Sec-Fetch-User":"?1","Sec-Fetch-Dest":"document","Referer":"http:\/\/localhost:8000\/modules\/edit\/4","Accept-Encoding":"gzip, deflate, br, zstd","Accept-Language":"en-ID,en;q=0.9,id-ID;q=0.8,id;q=0.7,en-GB;q=0.6,en-US;q=0.5","Cookie":"PHPSESSID=otrgseh03h7bj4mercfp78q868"}
[2025-05-25 06:56:09] INFO: Request body: _csrf_token=4014c828e795fba9ee4d7a2ea48c086937d08a5e777b3323cd60cf37882a48f2&parent_id=2&name=employee&description=Manage+employees&permissions%5B%5D=5&permissions%5B%5D=6&permissions%5B%5D=7&permissions%5B%5D=8
[2025-05-25 06:56:09] INFO: Controller Updating module ID: 4
[2025-05-25 06:56:09] INFO: Updating module ID: 4
[2025-05-25 06:56:09] INFO: New Name: employee
[2025-05-25 06:56:09] INFO: New Description: Manage employees
[2025-05-25 06:56:09] INFO: New Parent ID: 2
[2025-05-25 06:56:09] INFO: Updating module ID: 4
[2025-05-25 06:56:09] INFO: Updating permissions for module ID: 4
[2025-05-25 06:56:09] INFO: Application started
[2025-05-25 06:56:09] INFO: Request method: GET
[2025-05-25 06:56:09] INFO: Request URI: /modules
[2025-05-25 06:56:09] INFO: Request headers: {"Host":"localhost:8000","Connection":"keep-alive","Cache-Control":"max-age=0","DNT":"1","Upgrade-Insecure-Requests":"1","User-Agent":"Mozilla\/5.0 (Windows NT 10.0; Win64; x64) AppleWebKit\/537.36 (KHTML, like Gecko) Chrome\/136.0.0.0 Safari\/537.36","Accept":"text\/html,application\/xhtml+xml,application\/xml;q=0.9,image\/avif,image\/webp,image\/apng,*\/*;q=0.8,application\/signed-exchange;v=b3;q=0.7","Sec-Fetch-Site":"same-origin","Sec-Fetch-Mode":"navigate","Sec-Fetch-User":"?1","Sec-Fetch-Dest":"document","sec-ch-ua":"\"Chromium\";v=\"136\", \"Google Chrome\";v=\"136\", \"Not.A\/Brand\";v=\"99\"","sec-ch-ua-mobile":"?0","sec-ch-ua-platform":"\"Windows\"","Referer":"http:\/\/localhost:8000\/modules\/edit\/4","Accept-Encoding":"gzip, deflate, br, zstd","Accept-Language":"en-ID,en;q=0.9,id-ID;q=0.8,id;q=0.7,en-GB;q=0.6,en-US;q=0.5","Cookie":"PHPSESSID=otrgseh03h7bj4mercfp78q868"}
[2025-05-25 06:56:09] INFO: Request body: 
[2025-05-25 06:56:09] INFO: Controller Fetching all modules
[2025-05-25 06:56:09] INFO: Fetching all modules
[2025-05-25 06:57:48] INFO: Application started
[2025-05-25 06:57:48] INFO: Request method: GET
[2025-05-25 06:57:48] INFO: Request URI: /role-permissions
[2025-05-25 06:57:48] INFO: Request headers: {"Host":"localhost:8000","Connection":"keep-alive","sec-ch-ua":"\"Chromium\";v=\"136\", \"Google Chrome\";v=\"136\", \"Not.A\/Brand\";v=\"99\"","sec-ch-ua-mobile":"?0","sec-ch-ua-platform":"\"Windows\"","DNT":"1","Upgrade-Insecure-Requests":"1","User-Agent":"Mozilla\/5.0 (Windows NT 10.0; Win64; x64) AppleWebKit\/537.36 (KHTML, like Gecko) Chrome\/136.0.0.0 Safari\/537.36","Sec-Purpose":"prefetch;prerender","Purpose":"prefetch","Accept":"text\/html,application\/xhtml+xml,application\/xml;q=0.9,image\/avif,image\/webp,image\/apng,*\/*;q=0.8,application\/signed-exchange;v=b3;q=0.7","Sec-Fetch-Site":"none","Sec-Fetch-Mode":"navigate","Sec-Fetch-User":"?1","Sec-Fetch-Dest":"document","Accept-Encoding":"gzip, deflate, br, zstd","Accept-Language":"en-ID,en;q=0.9,id-ID;q=0.8,id;q=0.7,en-GB;q=0.6,en-US;q=0.5","Cookie":"PHPSESSID=otrgseh03h7bj4mercfp78q868"}
[2025-05-25 06:57:48] INFO: Request body: 
[2025-05-25 06:57:48] INFO: Controller Fetching all modules
[2025-05-25 06:57:48] INFO: Fetching all roles
[2025-05-25 06:57:48] INFO: Fetching all modules
[2025-05-25 06:57:48] INFO: Fetching all permissions
[2025-05-25 06:57:51] INFO: Application started
[2025-05-25 06:57:51] INFO: Request method: GET
[2025-05-25 06:57:51] INFO: Request URI: /role-permissions?role_id=1
[2025-05-25 06:57:51] INFO: Request headers: {"Host":"localhost:8000","Connection":"keep-alive","sec-ch-ua":"\"Chromium\";v=\"136\", \"Google Chrome\";v=\"136\", \"Not.A\/Brand\";v=\"99\"","sec-ch-ua-mobile":"?0","sec-ch-ua-platform":"\"Windows\"","DNT":"1","Upgrade-Insecure-Requests":"1","User-Agent":"Mozilla\/5.0 (Windows NT 10.0; Win64; x64) AppleWebKit\/537.36 (KHTML, like Gecko) Chrome\/136.0.0.0 Safari\/537.36","Accept":"text\/html,application\/xhtml+xml,application\/xml;q=0.9,image\/avif,image\/webp,image\/apng,*\/*;q=0.8,application\/signed-exchange;v=b3;q=0.7","Sec-Fetch-Site":"same-origin","Sec-Fetch-Mode":"navigate","Sec-Fetch-User":"?1","Sec-Fetch-Dest":"document","Referer":"http:\/\/localhost:8000\/role-permissions","Accept-Encoding":"gzip, deflate, br, zstd","Accept-Language":"en-ID,en;q=0.9,id-ID;q=0.8,id;q=0.7,en-GB;q=0.6,en-US;q=0.5","Cookie":"PHPSESSID=otrgseh03h7bj4mercfp78q868"}
[2025-05-25 06:57:51] INFO: Request body: 
[2025-05-25 06:57:51] INFO: Controller Fetching all modules
[2025-05-25 06:57:51] INFO: Fetching all roles
[2025-05-25 06:57:51] INFO: Fetching all modules
[2025-05-25 06:57:51] INFO: Fetching all permissions
[2025-05-25 06:58:31] INFO: Application started
[2025-05-25 06:58:31] INFO: Request method: GET
[2025-05-25 06:58:31] INFO: Request URI: /modules
[2025-05-25 06:58:31] INFO: Request headers: {"Host":"localhost:8000","Connection":"keep-alive","sec-ch-ua":"\"Chromium\";v=\"136\", \"Google Chrome\";v=\"136\", \"Not.A\/Brand\";v=\"99\"","sec-ch-ua-mobile":"?0","sec-ch-ua-platform":"\"Windows\"","DNT":"1","Upgrade-Insecure-Requests":"1","User-Agent":"Mozilla\/5.0 (Windows NT 10.0; Win64; x64) AppleWebKit\/537.36 (KHTML, like Gecko) Chrome\/136.0.0.0 Safari\/537.36","Accept":"text\/html,application\/xhtml+xml,application\/xml;q=0.9,image\/avif,image\/webp,image\/apng,*\/*;q=0.8,application\/signed-exchange;v=b3;q=0.7","Sec-Fetch-Site":"same-origin","Sec-Fetch-Mode":"navigate","Sec-Fetch-User":"?1","Sec-Fetch-Dest":"document","Referer":"http:\/\/localhost:8000\/modules","Accept-Encoding":"gzip, deflate, br, zstd","Accept-Language":"en-ID,en;q=0.9,id-ID;q=0.8,id;q=0.7,en-GB;q=0.6,en-US;q=0.5","Cookie":"PHPSESSID=otrgseh03h7bj4mercfp78q868"}
[2025-05-25 06:58:31] INFO: Request body: 
[2025-05-25 06:58:31] INFO: Controller Fetching all modules
[2025-05-25 06:58:31] INFO: Fetching all modules
[2025-05-25 06:58:40] INFO: Application started
[2025-05-25 06:58:40] INFO: Request method: GET
[2025-05-25 06:58:40] INFO: Request URI: /modules/create
[2025-05-25 06:58:40] INFO: Request headers: {"Host":"localhost:8000","Connection":"keep-alive","sec-ch-ua":"\"Chromium\";v=\"136\", \"Google Chrome\";v=\"136\", \"Not.A\/Brand\";v=\"99\"","sec-ch-ua-mobile":"?0","sec-ch-ua-platform":"\"Windows\"","DNT":"1","Upgrade-Insecure-Requests":"1","User-Agent":"Mozilla\/5.0 (Windows NT 10.0; Win64; x64) AppleWebKit\/537.36 (KHTML, like Gecko) Chrome\/136.0.0.0 Safari\/537.36","Accept":"text\/html,application\/xhtml+xml,application\/xml;q=0.9,image\/avif,image\/webp,image\/apng,*\/*;q=0.8,application\/signed-exchange;v=b3;q=0.7","Sec-Fetch-Site":"same-origin","Sec-Fetch-Mode":"navigate","Sec-Fetch-User":"?1","Sec-Fetch-Dest":"document","Referer":"http:\/\/localhost:8000\/modules","Accept-Encoding":"gzip, deflate, br, zstd","Accept-Language":"en-ID,en;q=0.9,id-ID;q=0.8,id;q=0.7,en-GB;q=0.6,en-US;q=0.5","Cookie":"PHPSESSID=otrgseh03h7bj4mercfp78q868"}
[2025-05-25 06:58:40] INFO: Request body: 
[2025-05-25 06:58:40] INFO: Controller Creating new module
[2025-05-25 06:58:40] INFO: Fetching parent module
[2025-05-25 06:58:40] INFO: Fetching all permissions
[2025-05-25 07:00:04] INFO: Application started
[2025-05-25 07:00:04] INFO: Request method: GET
[2025-05-25 07:00:04] INFO: Request URI: /modules/create
[2025-05-25 07:00:04] INFO: Request headers: {"Host":"localhost:8000","Connection":"keep-alive","Cache-Control":"max-age=0","sec-ch-ua":"\"Chromium\";v=\"136\", \"Google Chrome\";v=\"136\", \"Not.A\/Brand\";v=\"99\"","sec-ch-ua-mobile":"?0","sec-ch-ua-platform":"\"Windows\"","DNT":"1","Upgrade-Insecure-Requests":"1","User-Agent":"Mozilla\/5.0 (Windows NT 10.0; Win64; x64) AppleWebKit\/537.36 (KHTML, like Gecko) Chrome\/136.0.0.0 Safari\/537.36","Accept":"text\/html,application\/xhtml+xml,application\/xml;q=0.9,image\/avif,image\/webp,image\/apng,*\/*;q=0.8,application\/signed-exchange;v=b3;q=0.7","Sec-Fetch-Site":"same-origin","Sec-Fetch-Mode":"navigate","Sec-Fetch-User":"?1","Sec-Fetch-Dest":"document","Referer":"http:\/\/localhost:8000\/modules","Accept-Encoding":"gzip, deflate, br, zstd","Accept-Language":"en-ID,en;q=0.9,id-ID;q=0.8,id;q=0.7,en-GB;q=0.6,en-US;q=0.5","Cookie":"PHPSESSID=otrgseh03h7bj4mercfp78q868"}
[2025-05-25 07:00:04] INFO: Request body: 
[2025-05-25 07:00:04] INFO: Controller Creating new module
[2025-05-25 07:00:04] INFO: Fetching parent module
[2025-05-25 07:00:04] INFO: Fetching all permissions
[2025-05-25 07:00:08] INFO: Application started
[2025-05-25 07:00:08] INFO: Request method: GET
[2025-05-25 07:00:08] INFO: Request URI: /role-permissions
[2025-05-25 07:00:08] INFO: Request headers: {"Host":"localhost:8000","Connection":"keep-alive","sec-ch-ua":"\"Chromium\";v=\"136\", \"Google Chrome\";v=\"136\", \"Not.A\/Brand\";v=\"99\"","sec-ch-ua-mobile":"?0","sec-ch-ua-platform":"\"Windows\"","DNT":"1","Upgrade-Insecure-Requests":"1","User-Agent":"Mozilla\/5.0 (Windows NT 10.0; Win64; x64) AppleWebKit\/537.36 (KHTML, like Gecko) Chrome\/136.0.0.0 Safari\/537.36","Accept":"text\/html,application\/xhtml+xml,application\/xml;q=0.9,image\/avif,image\/webp,image\/apng,*\/*;q=0.8,application\/signed-exchange;v=b3;q=0.7","Sec-Fetch-Site":"same-origin","Sec-Fetch-Mode":"navigate","Sec-Fetch-User":"?1","Sec-Fetch-Dest":"document","Referer":"http:\/\/localhost:8000\/modules\/create","Accept-Encoding":"gzip, deflate, br, zstd","Accept-Language":"en-ID,en;q=0.9,id-ID;q=0.8,id;q=0.7,en-GB;q=0.6,en-US;q=0.5","Cookie":"PHPSESSID=otrgseh03h7bj4mercfp78q868"}
[2025-05-25 07:00:08] INFO: Request body: 
[2025-05-25 07:00:08] INFO: Controller Fetching all modules
[2025-05-25 07:00:08] INFO: Fetching all roles
[2025-05-25 07:00:08] INFO: Fetching all modules
[2025-05-25 07:00:08] INFO: Fetching all permissions
[2025-05-25 07:00:14] INFO: Application started
[2025-05-25 07:00:14] INFO: Request method: GET
[2025-05-25 07:00:14] INFO: Request URI: /role-permissions?role_id=2
[2025-05-25 07:00:14] INFO: Request headers: {"Host":"localhost:8000","Connection":"keep-alive","sec-ch-ua":"\"Chromium\";v=\"136\", \"Google Chrome\";v=\"136\", \"Not.A\/Brand\";v=\"99\"","sec-ch-ua-mobile":"?0","sec-ch-ua-platform":"\"Windows\"","DNT":"1","Upgrade-Insecure-Requests":"1","User-Agent":"Mozilla\/5.0 (Windows NT 10.0; Win64; x64) AppleWebKit\/537.36 (KHTML, like Gecko) Chrome\/136.0.0.0 Safari\/537.36","Accept":"text\/html,application\/xhtml+xml,application\/xml;q=0.9,image\/avif,image\/webp,image\/apng,*\/*;q=0.8,application\/signed-exchange;v=b3;q=0.7","Sec-Fetch-Site":"same-origin","Sec-Fetch-Mode":"navigate","Sec-Fetch-User":"?1","Sec-Fetch-Dest":"document","Referer":"http:\/\/localhost:8000\/role-permissions","Accept-Encoding":"gzip, deflate, br, zstd","Accept-Language":"en-ID,en;q=0.9,id-ID;q=0.8,id;q=0.7,en-GB;q=0.6,en-US;q=0.5","Cookie":"PHPSESSID=otrgseh03h7bj4mercfp78q868"}
[2025-05-25 07:00:14] INFO: Request body: 
[2025-05-25 07:00:14] INFO: Controller Fetching all modules
[2025-05-25 07:00:14] INFO: Fetching all roles
[2025-05-25 07:00:14] INFO: Fetching all modules
[2025-05-25 07:00:14] INFO: Fetching all permissions
[2025-05-25 07:00:22] INFO: Application started
[2025-05-25 07:00:22] INFO: Request method: GET
[2025-05-25 07:00:22] INFO: Request URI: /modules
[2025-05-25 07:00:22] INFO: Request headers: {"Host":"localhost:8000","Connection":"keep-alive","sec-ch-ua":"\"Chromium\";v=\"136\", \"Google Chrome\";v=\"136\", \"Not.A\/Brand\";v=\"99\"","sec-ch-ua-mobile":"?0","sec-ch-ua-platform":"\"Windows\"","DNT":"1","Upgrade-Insecure-Requests":"1","User-Agent":"Mozilla\/5.0 (Windows NT 10.0; Win64; x64) AppleWebKit\/537.36 (KHTML, like Gecko) Chrome\/136.0.0.0 Safari\/537.36","Accept":"text\/html,application\/xhtml+xml,application\/xml;q=0.9,image\/avif,image\/webp,image\/apng,*\/*;q=0.8,application\/signed-exchange;v=b3;q=0.7","Sec-Fetch-Site":"same-origin","Sec-Fetch-Mode":"navigate","Sec-Fetch-User":"?1","Sec-Fetch-Dest":"document","Referer":"http:\/\/localhost:8000\/role-permissions?role_id=2","Accept-Encoding":"gzip, deflate, br, zstd","Accept-Language":"en-ID,en;q=0.9,id-ID;q=0.8,id;q=0.7,en-GB;q=0.6,en-US;q=0.5","Cookie":"PHPSESSID=otrgseh03h7bj4mercfp78q868"}
[2025-05-25 07:00:22] INFO: Request body: 
[2025-05-25 07:00:22] INFO: Controller Fetching all modules
[2025-05-25 07:00:22] INFO: Fetching all modules
[2025-05-25 07:00:25] INFO: Application started
[2025-05-25 07:00:25] INFO: Request method: GET
[2025-05-25 07:00:25] INFO: Request URI: /modules/edit/11
[2025-05-25 07:00:25] INFO: Request headers: {"Host":"localhost:8000","Connection":"keep-alive","sec-ch-ua":"\"Chromium\";v=\"136\", \"Google Chrome\";v=\"136\", \"Not.A\/Brand\";v=\"99\"","sec-ch-ua-mobile":"?0","sec-ch-ua-platform":"\"Windows\"","DNT":"1","Upgrade-Insecure-Requests":"1","User-Agent":"Mozilla\/5.0 (Windows NT 10.0; Win64; x64) AppleWebKit\/537.36 (KHTML, like Gecko) Chrome\/136.0.0.0 Safari\/537.36","Accept":"text\/html,application\/xhtml+xml,application\/xml;q=0.9,image\/avif,image\/webp,image\/apng,*\/*;q=0.8,application\/signed-exchange;v=b3;q=0.7","Sec-Fetch-Site":"same-origin","Sec-Fetch-Mode":"navigate","Sec-Fetch-User":"?1","Sec-Fetch-Dest":"document","Referer":"http:\/\/localhost:8000\/modules","Accept-Encoding":"gzip, deflate, br, zstd","Accept-Language":"en-ID,en;q=0.9,id-ID;q=0.8,id;q=0.7,en-GB;q=0.6,en-US;q=0.5","Cookie":"PHPSESSID=otrgseh03h7bj4mercfp78q868"}
[2025-05-25 07:00:25] INFO: Request body: 
[2025-05-25 07:00:25] INFO: Controller Editing module ID: 11
[2025-05-25 07:00:25] INFO: Fetching module ID: 11
[2025-05-25 07:00:25] INFO: Fetching parent module
[2025-05-25 07:00:25] INFO: Fetching all permissions
[2025-05-25 07:00:25] INFO: Fetching permissions for module ID: 11
[2025-05-25 07:00:31] INFO: Application started
[2025-05-25 07:00:31] INFO: Request method: POST
[2025-05-25 07:00:31] INFO: Request URI: /modules/update/11
[2025-05-25 07:00:31] INFO: Request headers: {"Host":"localhost:8000","Connection":"keep-alive","Content-Length":"219","Cache-Control":"max-age=0","sec-ch-ua":"\"Chromium\";v=\"136\", \"Google Chrome\";v=\"136\", \"Not.A\/Brand\";v=\"99\"","sec-ch-ua-mobile":"?0","sec-ch-ua-platform":"\"Windows\"","Origin":"http:\/\/localhost:8000","DNT":"1","Upgrade-Insecure-Requests":"1","Content-Type":"application\/x-www-form-urlencoded","User-Agent":"Mozilla\/5.0 (Windows NT 10.0; Win64; x64) AppleWebKit\/537.36 (KHTML, like Gecko) Chrome\/136.0.0.0 Safari\/537.36","Accept":"text\/html,application\/xhtml+xml,application\/xml;q=0.9,image\/avif,image\/webp,image\/apng,*\/*;q=0.8,application\/signed-exchange;v=b3;q=0.7","Sec-Fetch-Site":"same-origin","Sec-Fetch-Mode":"navigate","Sec-Fetch-User":"?1","Sec-Fetch-Dest":"document","Referer":"http:\/\/localhost:8000\/modules\/edit\/11","Accept-Encoding":"gzip, deflate, br, zstd","Accept-Language":"en-ID,en;q=0.9,id-ID;q=0.8,id;q=0.7,en-GB;q=0.6,en-US;q=0.5","Cookie":"PHPSESSID=otrgseh03h7bj4mercfp78q868"}
[2025-05-25 07:00:31] INFO: Request body: _csrf_token=4014c828e795fba9ee4d7a2ea48c086937d08a5e777b3323cd60cf37882a48f2&parent_id=2&name=leave+management&description=leave+management&permissions%5B%5D=5&permissions%5B%5D=6&permissions%5B%5D=7&permissions%5B%5D=8
[2025-05-25 07:00:31] INFO: Controller Updating module ID: 11
[2025-05-25 07:00:31] INFO: Updating module ID: 11
[2025-05-25 07:00:31] INFO: New Name: leave_management
[2025-05-25 07:00:31] INFO: New Description: leave management
[2025-05-25 07:00:31] INFO: New Parent ID: 2
[2025-05-25 07:00:31] INFO: Updating module ID: 11
[2025-05-25 07:00:31] INFO: Updating permissions for module ID: 11
[2025-05-25 07:00:31] INFO: Application started
[2025-05-25 07:00:31] INFO: Request method: GET
[2025-05-25 07:00:31] INFO: Request URI: /modules
[2025-05-25 07:00:31] INFO: Request headers: {"Host":"localhost:8000","Connection":"keep-alive","Cache-Control":"max-age=0","DNT":"1","Upgrade-Insecure-Requests":"1","User-Agent":"Mozilla\/5.0 (Windows NT 10.0; Win64; x64) AppleWebKit\/537.36 (KHTML, like Gecko) Chrome\/136.0.0.0 Safari\/537.36","Accept":"text\/html,application\/xhtml+xml,application\/xml;q=0.9,image\/avif,image\/webp,image\/apng,*\/*;q=0.8,application\/signed-exchange;v=b3;q=0.7","Sec-Fetch-Site":"same-origin","Sec-Fetch-Mode":"navigate","Sec-Fetch-User":"?1","Sec-Fetch-Dest":"document","sec-ch-ua":"\"Chromium\";v=\"136\", \"Google Chrome\";v=\"136\", \"Not.A\/Brand\";v=\"99\"","sec-ch-ua-mobile":"?0","sec-ch-ua-platform":"\"Windows\"","Referer":"http:\/\/localhost:8000\/modules\/edit\/11","Accept-Encoding":"gzip, deflate, br, zstd","Accept-Language":"en-ID,en;q=0.9,id-ID;q=0.8,id;q=0.7,en-GB;q=0.6,en-US;q=0.5","Cookie":"PHPSESSID=otrgseh03h7bj4mercfp78q868"}
[2025-05-25 07:00:31] INFO: Request body: 
[2025-05-25 07:00:31] INFO: Controller Fetching all modules
[2025-05-25 07:00:31] INFO: Fetching all modules
[2025-05-25 07:00:34] INFO: Application started
[2025-05-25 07:00:34] INFO: Request method: GET
[2025-05-25 07:00:34] INFO: Request URI: /role-permissions
[2025-05-25 07:00:34] INFO: Request headers: {"Host":"localhost:8000","Connection":"keep-alive","sec-ch-ua":"\"Chromium\";v=\"136\", \"Google Chrome\";v=\"136\", \"Not.A\/Brand\";v=\"99\"","sec-ch-ua-mobile":"?0","sec-ch-ua-platform":"\"Windows\"","DNT":"1","Upgrade-Insecure-Requests":"1","User-Agent":"Mozilla\/5.0 (Windows NT 10.0; Win64; x64) AppleWebKit\/537.36 (KHTML, like Gecko) Chrome\/136.0.0.0 Safari\/537.36","Accept":"text\/html,application\/xhtml+xml,application\/xml;q=0.9,image\/avif,image\/webp,image\/apng,*\/*;q=0.8,application\/signed-exchange;v=b3;q=0.7","Sec-Fetch-Site":"same-origin","Sec-Fetch-Mode":"navigate","Sec-Fetch-User":"?1","Sec-Fetch-Dest":"document","Referer":"http:\/\/localhost:8000\/modules","Accept-Encoding":"gzip, deflate, br, zstd","Accept-Language":"en-ID,en;q=0.9,id-ID;q=0.8,id;q=0.7,en-GB;q=0.6,en-US;q=0.5","Cookie":"PHPSESSID=otrgseh03h7bj4mercfp78q868"}
[2025-05-25 07:00:34] INFO: Request body: 
[2025-05-25 07:00:34] INFO: Controller Fetching all modules
[2025-05-25 07:00:34] INFO: Fetching all roles
[2025-05-25 07:00:34] INFO: Fetching all modules
[2025-05-25 07:00:34] INFO: Fetching all permissions
[2025-05-25 07:00:35] INFO: Application started
[2025-05-25 07:00:35] INFO: Request method: GET
[2025-05-25 07:00:35] INFO: Request URI: /role-permissions?role_id=1
[2025-05-25 07:00:35] INFO: Request headers: {"Host":"localhost:8000","Connection":"keep-alive","sec-ch-ua":"\"Chromium\";v=\"136\", \"Google Chrome\";v=\"136\", \"Not.A\/Brand\";v=\"99\"","sec-ch-ua-mobile":"?0","sec-ch-ua-platform":"\"Windows\"","DNT":"1","Upgrade-Insecure-Requests":"1","User-Agent":"Mozilla\/5.0 (Windows NT 10.0; Win64; x64) AppleWebKit\/537.36 (KHTML, like Gecko) Chrome\/136.0.0.0 Safari\/537.36","Accept":"text\/html,application\/xhtml+xml,application\/xml;q=0.9,image\/avif,image\/webp,image\/apng,*\/*;q=0.8,application\/signed-exchange;v=b3;q=0.7","Sec-Fetch-Site":"same-origin","Sec-Fetch-Mode":"navigate","Sec-Fetch-User":"?1","Sec-Fetch-Dest":"document","Referer":"http:\/\/localhost:8000\/role-permissions","Accept-Encoding":"gzip, deflate, br, zstd","Accept-Language":"en-ID,en;q=0.9,id-ID;q=0.8,id;q=0.7,en-GB;q=0.6,en-US;q=0.5","Cookie":"PHPSESSID=otrgseh03h7bj4mercfp78q868"}
[2025-05-25 07:00:35] INFO: Request body: 
[2025-05-25 07:00:35] INFO: Controller Fetching all modules
[2025-05-25 07:00:35] INFO: Fetching all roles
[2025-05-25 07:00:35] INFO: Fetching all modules
[2025-05-25 07:00:35] INFO: Fetching all permissions
[2025-05-25 07:00:52] INFO: Application started
[2025-05-25 07:00:52] INFO: Request method: POST
[2025-05-25 07:00:52] INFO: Request URI: /role-permissions/update
[2025-05-25 07:00:52] INFO: Request headers: {"Host":"localhost:8000","Connection":"keep-alive","Content-Length":"861","Cache-Control":"max-age=0","sec-ch-ua":"\"Chromium\";v=\"136\", \"Google Chrome\";v=\"136\", \"Not.A\/Brand\";v=\"99\"","sec-ch-ua-mobile":"?0","sec-ch-ua-platform":"\"Windows\"","Origin":"http:\/\/localhost:8000","DNT":"1","Upgrade-Insecure-Requests":"1","Content-Type":"application\/x-www-form-urlencoded","User-Agent":"Mozilla\/5.0 (Windows NT 10.0; Win64; x64) AppleWebKit\/537.36 (KHTML, like Gecko) Chrome\/136.0.0.0 Safari\/537.36","Accept":"text\/html,application\/xhtml+xml,application\/xml;q=0.9,image\/avif,image\/webp,image\/apng,*\/*;q=0.8,application\/signed-exchange;v=b3;q=0.7","Sec-Fetch-Site":"same-origin","Sec-Fetch-Mode":"navigate","Sec-Fetch-User":"?1","Sec-Fetch-Dest":"document","Referer":"http:\/\/localhost:8000\/role-permissions?role_id=1","Accept-Encoding":"gzip, deflate, br, zstd","Accept-Language":"en-ID,en;q=0.9,id-ID;q=0.8,id;q=0.7,en-GB;q=0.6,en-US;q=0.5","Cookie":"PHPSESSID=otrgseh03h7bj4mercfp78q868"}
[2025-05-25 07:00:52] INFO: Request body: _csrf_token=4014c828e795fba9ee4d7a2ea48c086937d08a5e777b3323cd60cf37882a48f2&role_id=1&permissions%5B1%5D%5B%5D=5&permissions%5B4%5D%5B%5D=5&permissions%5B4%5D%5B%5D=6&permissions%5B4%5D%5B%5D=7&permissions%5B4%5D%5B%5D=8&permissions%5B5%5D%5B%5D=5&permissions%5B5%5D%5B%5D=6&permissions%5B11%5D%5B%5D=5&permissions%5B11%5D%5B%5D=6&permissions%5B11%5D%5B%5D=7&permissions%5B11%5D%5B%5D=8&permissions%5B14%5D%5B%5D=5&permissions%5B14%5D%5B%5D=6&permissions%5B14%5D%5B%5D=7&permissions%5B14%5D%5B%5D=8&permissions%5B14%5D%5B%5D=9&permissions%5B14%5D%5B%5D=10&permissions%5B14%5D%5B%5D=12&permissions%5B14%5D%5B%5D=13&permissions%5B6%5D%5B%5D=5&permissions%5B7%5D%5B%5D=5&permissions%5B7%5D%5B%5D=7&permissions%5B9%5D%5B%5D=5&permissions%5B9%5D%5B%5D=8&permissions%5B10%5D%5B%5D=5&permissions%5B10%5D%5B%5D=6&permissions%5B10%5D%5B%5D=7&permissions%5B10%5D%5B%5D=8
[2025-05-25 07:00:52] INFO: Controller Updating role permissions
[2025-05-25 07:00:53] INFO: Application started
[2025-05-25 07:00:53] INFO: Request method: GET
[2025-05-25 07:00:53] INFO: Request URI: /role-permissions?role_id=1
[2025-05-25 07:00:53] INFO: Request headers: {"Host":"localhost:8000","Connection":"keep-alive","Cache-Control":"max-age=0","DNT":"1","Upgrade-Insecure-Requests":"1","User-Agent":"Mozilla\/5.0 (Windows NT 10.0; Win64; x64) AppleWebKit\/537.36 (KHTML, like Gecko) Chrome\/136.0.0.0 Safari\/537.36","Accept":"text\/html,application\/xhtml+xml,application\/xml;q=0.9,image\/avif,image\/webp,image\/apng,*\/*;q=0.8,application\/signed-exchange;v=b3;q=0.7","Sec-Fetch-Site":"same-origin","Sec-Fetch-Mode":"navigate","Sec-Fetch-User":"?1","Sec-Fetch-Dest":"document","sec-ch-ua":"\"Chromium\";v=\"136\", \"Google Chrome\";v=\"136\", \"Not.A\/Brand\";v=\"99\"","sec-ch-ua-mobile":"?0","sec-ch-ua-platform":"\"Windows\"","Referer":"http:\/\/localhost:8000\/role-permissions?role_id=1","Accept-Encoding":"gzip, deflate, br, zstd","Accept-Language":"en-ID,en;q=0.9,id-ID;q=0.8,id;q=0.7,en-GB;q=0.6,en-US;q=0.5","Cookie":"PHPSESSID=otrgseh03h7bj4mercfp78q868"}
[2025-05-25 07:00:53] INFO: Request body: 
[2025-05-25 07:00:53] INFO: Controller Fetching all modules
[2025-05-25 07:00:53] INFO: Fetching all roles
[2025-05-25 07:00:53] INFO: Fetching all modules
[2025-05-25 07:00:53] INFO: Fetching all permissions
[2025-05-25 07:01:19] INFO: Application started
[2025-05-25 07:01:19] INFO: Request method: POST
[2025-05-25 07:01:19] INFO: Request URI: /auth/logout
[2025-05-25 07:01:19] INFO: Request headers: {"Host":"localhost:8000","Connection":"keep-alive","Content-Length":"76","Cache-Control":"max-age=0","sec-ch-ua":"\"Chromium\";v=\"136\", \"Google Chrome\";v=\"136\", \"Not.A\/Brand\";v=\"99\"","sec-ch-ua-mobile":"?0","sec-ch-ua-platform":"\"Windows\"","Origin":"http:\/\/localhost:8000","DNT":"1","Upgrade-Insecure-Requests":"1","Content-Type":"application\/x-www-form-urlencoded","User-Agent":"Mozilla\/5.0 (Windows NT 10.0; Win64; x64) AppleWebKit\/537.36 (KHTML, like Gecko) Chrome\/136.0.0.0 Safari\/537.36","Accept":"text\/html,application\/xhtml+xml,application\/xml;q=0.9,image\/avif,image\/webp,image\/apng,*\/*;q=0.8,application\/signed-exchange;v=b3;q=0.7","Sec-Fetch-Site":"same-origin","Sec-Fetch-Mode":"navigate","Sec-Fetch-User":"?1","Sec-Fetch-Dest":"document","Referer":"http:\/\/localhost:8000\/role-permissions?role_id=1","Accept-Encoding":"gzip, deflate, br, zstd","Accept-Language":"en-ID,en;q=0.9,id-ID;q=0.8,id;q=0.7,en-GB;q=0.6,en-US;q=0.5","Cookie":"PHPSESSID=otrgseh03h7bj4mercfp78q868"}
[2025-05-25 07:01:19] INFO: Request body: _csrf_token=4014c828e795fba9ee4d7a2ea48c086937d08a5e777b3323cd60cf37882a48f2
[2025-05-25 07:01:19] INFO: Application started
[2025-05-25 07:01:19] INFO: Request method: GET
[2025-05-25 07:01:19] INFO: Request URI: /auth/login
[2025-05-25 07:01:19] INFO: Request headers: {"Host":"localhost:8000","Connection":"keep-alive","Cache-Control":"max-age=0","DNT":"1","Upgrade-Insecure-Requests":"1","User-Agent":"Mozilla\/5.0 (Windows NT 10.0; Win64; x64) AppleWebKit\/537.36 (KHTML, like Gecko) Chrome\/136.0.0.0 Safari\/537.36","Accept":"text\/html,application\/xhtml+xml,application\/xml;q=0.9,image\/avif,image\/webp,image\/apng,*\/*;q=0.8,application\/signed-exchange;v=b3;q=0.7","Sec-Fetch-Site":"same-origin","Sec-Fetch-Mode":"navigate","Sec-Fetch-User":"?1","Sec-Fetch-Dest":"document","sec-ch-ua":"\"Chromium\";v=\"136\", \"Google Chrome\";v=\"136\", \"Not.A\/Brand\";v=\"99\"","sec-ch-ua-mobile":"?0","sec-ch-ua-platform":"\"Windows\"","Referer":"http:\/\/localhost:8000\/role-permissions?role_id=1","Accept-Encoding":"gzip, deflate, br, zstd","Accept-Language":"en-ID,en;q=0.9,id-ID;q=0.8,id;q=0.7,en-GB;q=0.6,en-US;q=0.5","Cookie":"PHPSESSID=otrgseh03h7bj4mercfp78q868"}
[2025-05-25 07:01:19] INFO: Request body: 
[2025-05-25 07:01:24] INFO: Application started
[2025-05-25 07:01:24] INFO: Request method: POST
[2025-05-25 07:01:24] INFO: Request URI: /auth/login
[2025-05-25 07:01:24] INFO: Request headers: {"Host":"localhost:8000","Connection":"keep-alive","Content-Length":"109","Cache-Control":"max-age=0","sec-ch-ua":"\"Chromium\";v=\"136\", \"Google Chrome\";v=\"136\", \"Not.A\/Brand\";v=\"99\"","sec-ch-ua-mobile":"?0","sec-ch-ua-platform":"\"Windows\"","Origin":"http:\/\/localhost:8000","DNT":"1","Upgrade-Insecure-Requests":"1","Content-Type":"application\/x-www-form-urlencoded","User-Agent":"Mozilla\/5.0 (Windows NT 10.0; Win64; x64) AppleWebKit\/537.36 (KHTML, like Gecko) Chrome\/136.0.0.0 Safari\/537.36","Accept":"text\/html,application\/xhtml+xml,application\/xml;q=0.9,image\/avif,image\/webp,image\/apng,*\/*;q=0.8,application\/signed-exchange;v=b3;q=0.7","Sec-Fetch-Site":"same-origin","Sec-Fetch-Mode":"navigate","Sec-Fetch-User":"?1","Sec-Fetch-Dest":"document","Referer":"http:\/\/localhost:8000\/auth\/login","Accept-Encoding":"gzip, deflate, br, zstd","Accept-Language":"en-ID,en;q=0.9,id-ID;q=0.8,id;q=0.7,en-GB;q=0.6,en-US;q=0.5","Cookie":"PHPSESSID=otrgseh03h7bj4mercfp78q868"}
[2025-05-25 07:01:24] INFO: Request body: _csrf_token=e64ca947ed305a67d410d1034500a82970c6968276ea86a60c4931749ad35f4f&username=admin&password=password
[2025-05-25 07:01:24] INFO: Attempting to log in user.
[2025-05-25 07:01:24] INFO: Username: admin
[2025-05-25 07:01:24] INFO: Password: password
[2025-05-25 07:01:24] INFO: Creating AuthService instance.
[2025-05-25 07:01:24] INFO: Attempting to log in user with username: admin
[2025-05-25 07:01:24] INFO: Fetching user by username: admin
[2025-05-25 07:01:24] INFO: Fetching permissions for role ID: 1
[2025-05-25 07:01:24] INFO: User authenticated successfully.
[2025-05-25 07:01:24] INFO: User session set: {"id":1,"username":"admin","role":"admin","permissions":["approve-module","approve-contract","create-employee","create-employee","create-employee","create-employee","create-employee","create-department","create-department","create-department","create-department","create-department","create-role","create-role","create-role","create-role","create-role","create-module","create-module","create-module","create-module","create-module","create-leave_management","create-leave_management","create-leave_management","create-leave_management","create-leave_management","create-contract","create-contract","create-contract","create-contract","create-contract","delete-employee","delete-employee","delete-employee","delete-employee","delete-employee","delete-role","delete-role","delete-role","delete-role","delete-role","delete-module","delete-module","delete-module","delete-module","delete-module","delete-leave_management","delete-leave_management","delete-leave_management","delete-leave_management","delete-leave_management","delete-contract","delete-contract","delete-contract","delete-contract","delete-contract","export-module","export-contract","import-module","import-contract","reject-module","reject-contract","update-employee","update-employee","update-employee","update-employee","update-employee","update-stock","update-stock","update-stock","update-stock","update-stock","update-role","update-role","update-role","update-role","update-role","update-module","update-module","update-module","update-module","update-module","update-leave_management","update-leave_management","update-leave_management","update-leave_management","update-leave_management","update-contract","update-contract","update-contract","update-contract","update-contract","view-dashboard","view-dashboard","view-dashboard","view-dashboard","view-dashboard","view-dashboard","view-dashboard","view-dashboard","view-dashboard","view-employee","view-employee","view-employee","view-employee","view-employee","view-employee","view-employee","view-employee","view-employee","view-department","view-department","view-department","view-department","view-department","view-department","view-department","view-department","view-department","view-warehouse","view-warehouse","view-warehouse","view-warehouse","view-warehouse","view-warehouse","view-warehouse","view-warehouse","view-warehouse","view-stock","view-stock","view-stock","view-stock","view-stock","view-stock","view-stock","view-stock","view-stock","view-role","view-role","view-role","view-role","view-role","view-role","view-role","view-role","view-role","view-module","view-module","view-module","view-module","view-module","view-module","view-module","view-module","view-module","view-leave_management","view-leave_management","view-leave_management","view-leave_management","view-leave_management","view-leave_management","view-leave_management","view-leave_management","view-leave_management","view-contract","view-contract","view-contract","view-contract","view-contract","view-contract","view-contract","view-contract","view-contract"]}
[2025-05-25 07:01:24] INFO: Application started
[2025-05-25 07:01:24] INFO: Request method: GET
[2025-05-25 07:01:24] INFO: Request URI: /dashboard
[2025-05-25 07:01:24] INFO: Request headers: {"Host":"localhost:8000","Connection":"keep-alive","Cache-Control":"max-age=0","DNT":"1","Upgrade-Insecure-Requests":"1","User-Agent":"Mozilla\/5.0 (Windows NT 10.0; Win64; x64) AppleWebKit\/537.36 (KHTML, like Gecko) Chrome\/136.0.0.0 Safari\/537.36","Accept":"text\/html,application\/xhtml+xml,application\/xml;q=0.9,image\/avif,image\/webp,image\/apng,*\/*;q=0.8,application\/signed-exchange;v=b3;q=0.7","Sec-Fetch-Site":"same-origin","Sec-Fetch-Mode":"navigate","Sec-Fetch-User":"?1","Sec-Fetch-Dest":"document","sec-ch-ua":"\"Chromium\";v=\"136\", \"Google Chrome\";v=\"136\", \"Not.A\/Brand\";v=\"99\"","sec-ch-ua-mobile":"?0","sec-ch-ua-platform":"\"Windows\"","Referer":"http:\/\/localhost:8000\/auth\/login","Accept-Encoding":"gzip, deflate, br, zstd","Accept-Language":"en-ID,en;q=0.9,id-ID;q=0.8,id;q=0.7,en-GB;q=0.6,en-US;q=0.5","Cookie":"PHPSESSID=eqekeaamqtal8fpkojnjbng6mv"}
[2025-05-25 07:01:24] INFO: Request body: 
[2025-05-25 07:01:47] INFO: Application started
[2025-05-25 07:01:47] INFO: Request method: GET
[2025-05-25 07:01:47] INFO: Request URI: /dashboard
[2025-05-25 07:01:47] INFO: Request headers: {"Host":"localhost:8000","Connection":"keep-alive","Cache-Control":"max-age=0","sec-ch-ua":"\"Chromium\";v=\"136\", \"Google Chrome\";v=\"136\", \"Not.A\/Brand\";v=\"99\"","sec-ch-ua-mobile":"?0","sec-ch-ua-platform":"\"Windows\"","DNT":"1","Upgrade-Insecure-Requests":"1","User-Agent":"Mozilla\/5.0 (Windows NT 10.0; Win64; x64) AppleWebKit\/537.36 (KHTML, like Gecko) Chrome\/136.0.0.0 Safari\/537.36","Accept":"text\/html,application\/xhtml+xml,application\/xml;q=0.9,image\/avif,image\/webp,image\/apng,*\/*;q=0.8,application\/signed-exchange;v=b3;q=0.7","Sec-Fetch-Site":"same-origin","Sec-Fetch-Mode":"navigate","Sec-Fetch-User":"?1","Sec-Fetch-Dest":"document","Referer":"http:\/\/localhost:8000\/auth\/login","Accept-Encoding":"gzip, deflate, br, zstd","Accept-Language":"en-ID,en;q=0.9,id-ID;q=0.8,id;q=0.7,en-GB;q=0.6,en-US;q=0.5","Cookie":"PHPSESSID=eqekeaamqtal8fpkojnjbng6mv"}
[2025-05-25 07:01:47] INFO: Request body: 
[2025-05-25 07:01:52] INFO: Application started
[2025-05-25 07:01:52] INFO: Request method: GET
[2025-05-25 07:01:52] INFO: Request URI: /dashboard
[2025-05-25 07:01:52] INFO: Request headers: {"Host":"localhost:8000","Connection":"keep-alive","Cache-Control":"max-age=0","sec-ch-ua":"\"Chromium\";v=\"136\", \"Google Chrome\";v=\"136\", \"Not.A\/Brand\";v=\"99\"","sec-ch-ua-mobile":"?0","sec-ch-ua-platform":"\"Windows\"","DNT":"1","Upgrade-Insecure-Requests":"1","User-Agent":"Mozilla\/5.0 (Windows NT 10.0; Win64; x64) AppleWebKit\/537.36 (KHTML, like Gecko) Chrome\/136.0.0.0 Safari\/537.36","Accept":"text\/html,application\/xhtml+xml,application\/xml;q=0.9,image\/avif,image\/webp,image\/apng,*\/*;q=0.8,application\/signed-exchange;v=b3;q=0.7","Sec-Fetch-Site":"same-origin","Sec-Fetch-Mode":"navigate","Sec-Fetch-User":"?1","Sec-Fetch-Dest":"document","Referer":"http:\/\/localhost:8000\/auth\/login","Accept-Encoding":"gzip, deflate, br, zstd","Accept-Language":"en-ID,en;q=0.9,id-ID;q=0.8,id;q=0.7,en-GB;q=0.6,en-US;q=0.5","Cookie":"PHPSESSID=eqekeaamqtal8fpkojnjbng6mv"}
[2025-05-25 07:01:52] INFO: Request body: 
[2025-05-25 07:02:09] INFO: Application started
[2025-05-25 07:02:09] INFO: Request method: GET
[2025-05-25 07:02:09] INFO: Request URI: /dashboard
[2025-05-25 07:02:09] INFO: Request headers: {"Host":"localhost:8000","Connection":"keep-alive","sec-ch-ua":"\"Chromium\";v=\"136\", \"Google Chrome\";v=\"136\", \"Not.A\/Brand\";v=\"99\"","sec-ch-ua-mobile":"?0","sec-ch-ua-platform":"\"Windows\"","DNT":"1","Upgrade-Insecure-Requests":"1","User-Agent":"Mozilla\/5.0 (Windows NT 10.0; Win64; x64) AppleWebKit\/537.36 (KHTML, like Gecko) Chrome\/136.0.0.0 Safari\/537.36","Accept":"text\/html,application\/xhtml+xml,application\/xml;q=0.9,image\/avif,image\/webp,image\/apng,*\/*;q=0.8,application\/signed-exchange;v=b3;q=0.7","Sec-Fetch-Site":"none","Sec-Fetch-Mode":"navigate","Sec-Fetch-User":"?1","Sec-Fetch-Dest":"document","Accept-Encoding":"gzip, deflate, br, zstd","Accept-Language":"en-ID,en;q=0.9,id-ID;q=0.8,id;q=0.7,en-GB;q=0.6,en-US;q=0.5","Cookie":"PHPSESSID=eqekeaamqtal8fpkojnjbng6mv"}
[2025-05-25 07:02:09] INFO: Request body: 
[2025-05-25 07:02:12] INFO: Application started
[2025-05-25 07:02:12] INFO: Request method: GET
[2025-05-25 07:02:12] INFO: Request URI: /modules
[2025-05-25 07:02:12] INFO: Request headers: {"Host":"localhost:8000","Connection":"keep-alive","sec-ch-ua":"\"Chromium\";v=\"136\", \"Google Chrome\";v=\"136\", \"Not.A\/Brand\";v=\"99\"","sec-ch-ua-mobile":"?0","sec-ch-ua-platform":"\"Windows\"","DNT":"1","Upgrade-Insecure-Requests":"1","User-Agent":"Mozilla\/5.0 (Windows NT 10.0; Win64; x64) AppleWebKit\/537.36 (KHTML, like Gecko) Chrome\/136.0.0.0 Safari\/537.36","Accept":"text\/html,application\/xhtml+xml,application\/xml;q=0.9,image\/avif,image\/webp,image\/apng,*\/*;q=0.8,application\/signed-exchange;v=b3;q=0.7","Sec-Fetch-Site":"none","Sec-Fetch-Mode":"navigate","Sec-Fetch-User":"?1","Sec-Fetch-Dest":"document","Accept-Encoding":"gzip, deflate, br, zstd","Accept-Language":"en-ID,en;q=0.9,id-ID;q=0.8,id;q=0.7,en-GB;q=0.6,en-US;q=0.5","Cookie":"PHPSESSID=eqekeaamqtal8fpkojnjbng6mv"}
[2025-05-25 07:02:12] INFO: Request body: 
[2025-05-25 07:02:12] INFO: Controller Fetching all modules
[2025-05-25 07:02:12] INFO: Fetching all modules
[2025-05-25 07:02:17] INFO: Application started
[2025-05-25 07:02:17] INFO: Request method: GET
[2025-05-25 07:02:17] INFO: Request URI: /modules/edit/13
[2025-05-25 07:02:17] INFO: Request headers: {"Host":"localhost:8000","Connection":"keep-alive","sec-ch-ua":"\"Chromium\";v=\"136\", \"Google Chrome\";v=\"136\", \"Not.A\/Brand\";v=\"99\"","sec-ch-ua-mobile":"?0","sec-ch-ua-platform":"\"Windows\"","DNT":"1","Upgrade-Insecure-Requests":"1","User-Agent":"Mozilla\/5.0 (Windows NT 10.0; Win64; x64) AppleWebKit\/537.36 (KHTML, like Gecko) Chrome\/136.0.0.0 Safari\/537.36","Accept":"text\/html,application\/xhtml+xml,application\/xml;q=0.9,image\/avif,image\/webp,image\/apng,*\/*;q=0.8,application\/signed-exchange;v=b3;q=0.7","Sec-Fetch-Site":"same-origin","Sec-Fetch-Mode":"navigate","Sec-Fetch-User":"?1","Sec-Fetch-Dest":"document","Referer":"http:\/\/localhost:8000\/modules","Accept-Encoding":"gzip, deflate, br, zstd","Accept-Language":"en-ID,en;q=0.9,id-ID;q=0.8,id;q=0.7,en-GB;q=0.6,en-US;q=0.5","Cookie":"PHPSESSID=eqekeaamqtal8fpkojnjbng6mv"}
[2025-05-25 07:02:17] INFO: Request body: 
[2025-05-25 07:02:17] INFO: Controller Editing module ID: 13
[2025-05-25 07:02:17] INFO: Fetching module ID: 13
[2025-05-25 07:02:17] INFO: Fetching parent module
[2025-05-25 07:02:17] INFO: Fetching all permissions
[2025-05-25 07:02:17] INFO: Fetching permissions for module ID: 13
[2025-05-25 07:02:42] INFO: Application started
[2025-05-25 07:02:42] INFO: Request method: POST
[2025-05-25 07:02:42] INFO: Request URI: /modules/update/13
[2025-05-25 07:02:42] INFO: Request headers: {"Host":"localhost:8000","Connection":"keep-alive","Content-Length":"184","Cache-Control":"max-age=0","sec-ch-ua":"\"Chromium\";v=\"136\", \"Google Chrome\";v=\"136\", \"Not.A\/Brand\";v=\"99\"","sec-ch-ua-mobile":"?0","sec-ch-ua-platform":"\"Windows\"","Origin":"http:\/\/localhost:8000","DNT":"1","Upgrade-Insecure-Requests":"1","Content-Type":"application\/x-www-form-urlencoded","User-Agent":"Mozilla\/5.0 (Windows NT 10.0; Win64; x64) AppleWebKit\/537.36 (KHTML, like Gecko) Chrome\/136.0.0.0 Safari\/537.36","Accept":"text\/html,application\/xhtml+xml,application\/xml;q=0.9,image\/avif,image\/webp,image\/apng,*\/*;q=0.8,application\/signed-exchange;v=b3;q=0.7","Sec-Fetch-Site":"same-origin","Sec-Fetch-Mode":"navigate","Sec-Fetch-User":"?1","Sec-Fetch-Dest":"document","Referer":"http:\/\/localhost:8000\/modules\/edit\/13","Accept-Encoding":"gzip, deflate, br, zstd","Accept-Language":"en-ID,en;q=0.9,id-ID;q=0.8,id;q=0.7,en-GB;q=0.6,en-US;q=0.5","Cookie":"PHPSESSID=eqekeaamqtal8fpkojnjbng6mv"}
[2025-05-25 07:02:42] INFO: Request body: _csrf_token=e64ca947ed305a67d410d1034500a82970c6968276ea86a60c4931749ad35f4f&parent_id=8&name=role+permission&description=role+permission+system&permissions%5B%5D=5&permissions%5B%5D=7
[2025-05-25 07:02:42] INFO: Controller Updating module ID: 13
[2025-05-25 07:02:42] INFO: Updating module ID: 13
[2025-05-25 07:02:42] INFO: New Name: role_permission
[2025-05-25 07:02:42] INFO: New Description: role permission system
[2025-05-25 07:02:42] INFO: New Parent ID: 8
[2025-05-25 07:02:42] INFO: Updating module ID: 13
[2025-05-25 07:02:42] INFO: Updating permissions for module ID: 13
[2025-05-25 07:02:42] INFO: Application started
[2025-05-25 07:02:42] INFO: Request method: GET
[2025-05-25 07:02:42] INFO: Request URI: /modules
[2025-05-25 07:02:42] INFO: Request headers: {"Host":"localhost:8000","Connection":"keep-alive","Cache-Control":"max-age=0","DNT":"1","Upgrade-Insecure-Requests":"1","User-Agent":"Mozilla\/5.0 (Windows NT 10.0; Win64; x64) AppleWebKit\/537.36 (KHTML, like Gecko) Chrome\/136.0.0.0 Safari\/537.36","Accept":"text\/html,application\/xhtml+xml,application\/xml;q=0.9,image\/avif,image\/webp,image\/apng,*\/*;q=0.8,application\/signed-exchange;v=b3;q=0.7","Sec-Fetch-Site":"same-origin","Sec-Fetch-Mode":"navigate","Sec-Fetch-User":"?1","Sec-Fetch-Dest":"document","sec-ch-ua":"\"Chromium\";v=\"136\", \"Google Chrome\";v=\"136\", \"Not.A\/Brand\";v=\"99\"","sec-ch-ua-mobile":"?0","sec-ch-ua-platform":"\"Windows\"","Referer":"http:\/\/localhost:8000\/modules\/edit\/13","Accept-Encoding":"gzip, deflate, br, zstd","Accept-Language":"en-ID,en;q=0.9,id-ID;q=0.8,id;q=0.7,en-GB;q=0.6,en-US;q=0.5","Cookie":"PHPSESSID=eqekeaamqtal8fpkojnjbng6mv"}
[2025-05-25 07:02:42] INFO: Request body: 
[2025-05-25 07:02:42] INFO: Controller Fetching all modules
[2025-05-25 07:02:42] INFO: Fetching all modules
[2025-05-25 07:02:46] INFO: Application started
[2025-05-25 07:02:46] INFO: Request method: GET
[2025-05-25 07:02:46] INFO: Request URI: /role-permissions
[2025-05-25 07:02:46] INFO: Request headers: {"Host":"localhost:8000","Connection":"keep-alive","sec-ch-ua":"\"Chromium\";v=\"136\", \"Google Chrome\";v=\"136\", \"Not.A\/Brand\";v=\"99\"","sec-ch-ua-mobile":"?0","sec-ch-ua-platform":"\"Windows\"","DNT":"1","Upgrade-Insecure-Requests":"1","User-Agent":"Mozilla\/5.0 (Windows NT 10.0; Win64; x64) AppleWebKit\/537.36 (KHTML, like Gecko) Chrome\/136.0.0.0 Safari\/537.36","Accept":"text\/html,application\/xhtml+xml,application\/xml;q=0.9,image\/avif,image\/webp,image\/apng,*\/*;q=0.8,application\/signed-exchange;v=b3;q=0.7","Sec-Fetch-Site":"same-origin","Sec-Fetch-Mode":"navigate","Sec-Fetch-User":"?1","Sec-Fetch-Dest":"document","Referer":"http:\/\/localhost:8000\/modules","Accept-Encoding":"gzip, deflate, br, zstd","Accept-Language":"en-ID,en;q=0.9,id-ID;q=0.8,id;q=0.7,en-GB;q=0.6,en-US;q=0.5","Cookie":"PHPSESSID=eqekeaamqtal8fpkojnjbng6mv"}
[2025-05-25 07:02:46] INFO: Request body: 
[2025-05-25 07:02:46] INFO: Controller Fetching all modules
[2025-05-25 07:02:47] INFO: Fetching all roles
[2025-05-25 07:02:47] INFO: Fetching all modules
[2025-05-25 07:02:47] INFO: Fetching all permissions
[2025-05-25 07:02:48] INFO: Application started
[2025-05-25 07:02:48] INFO: Request method: GET
[2025-05-25 07:02:48] INFO: Request URI: /role-permissions?role_id=1
[2025-05-25 07:02:48] INFO: Request headers: {"Host":"localhost:8000","Connection":"keep-alive","sec-ch-ua":"\"Chromium\";v=\"136\", \"Google Chrome\";v=\"136\", \"Not.A\/Brand\";v=\"99\"","sec-ch-ua-mobile":"?0","sec-ch-ua-platform":"\"Windows\"","DNT":"1","Upgrade-Insecure-Requests":"1","User-Agent":"Mozilla\/5.0 (Windows NT 10.0; Win64; x64) AppleWebKit\/537.36 (KHTML, like Gecko) Chrome\/136.0.0.0 Safari\/537.36","Accept":"text\/html,application\/xhtml+xml,application\/xml;q=0.9,image\/avif,image\/webp,image\/apng,*\/*;q=0.8,application\/signed-exchange;v=b3;q=0.7","Sec-Fetch-Site":"same-origin","Sec-Fetch-Mode":"navigate","Sec-Fetch-User":"?1","Sec-Fetch-Dest":"document","Referer":"http:\/\/localhost:8000\/role-permissions","Accept-Encoding":"gzip, deflate, br, zstd","Accept-Language":"en-ID,en;q=0.9,id-ID;q=0.8,id;q=0.7,en-GB;q=0.6,en-US;q=0.5","Cookie":"PHPSESSID=eqekeaamqtal8fpkojnjbng6mv"}
[2025-05-25 07:02:48] INFO: Request body: 
[2025-05-25 07:02:48] INFO: Controller Fetching all modules
[2025-05-25 07:02:48] INFO: Fetching all roles
[2025-05-25 07:02:48] INFO: Fetching all modules
[2025-05-25 07:02:48] INFO: Fetching all permissions
[2025-05-25 07:02:53] INFO: Application started
[2025-05-25 07:02:53] INFO: Request method: POST
[2025-05-25 07:02:53] INFO: Request URI: /role-permissions/update
[2025-05-25 07:02:53] INFO: Request headers: {"Host":"localhost:8000","Connection":"keep-alive","Content-Length":"917","Cache-Control":"max-age=0","sec-ch-ua":"\"Chromium\";v=\"136\", \"Google Chrome\";v=\"136\", \"Not.A\/Brand\";v=\"99\"","sec-ch-ua-mobile":"?0","sec-ch-ua-platform":"\"Windows\"","Origin":"http:\/\/localhost:8000","DNT":"1","Upgrade-Insecure-Requests":"1","Content-Type":"application\/x-www-form-urlencoded","User-Agent":"Mozilla\/5.0 (Windows NT 10.0; Win64; x64) AppleWebKit\/537.36 (KHTML, like Gecko) Chrome\/136.0.0.0 Safari\/537.36","Accept":"text\/html,application\/xhtml+xml,application\/xml;q=0.9,image\/avif,image\/webp,image\/apng,*\/*;q=0.8,application\/signed-exchange;v=b3;q=0.7","Sec-Fetch-Site":"same-origin","Sec-Fetch-Mode":"navigate","Sec-Fetch-User":"?1","Sec-Fetch-Dest":"document","Referer":"http:\/\/localhost:8000\/role-permissions?role_id=1","Accept-Encoding":"gzip, deflate, br, zstd","Accept-Language":"en-ID,en;q=0.9,id-ID;q=0.8,id;q=0.7,en-GB;q=0.6,en-US;q=0.5","Cookie":"PHPSESSID=eqekeaamqtal8fpkojnjbng6mv"}
[2025-05-25 07:02:53] INFO: Request body: _csrf_token=e64ca947ed305a67d410d1034500a82970c6968276ea86a60c4931749ad35f4f&role_id=1&permissions%5B1%5D%5B%5D=5&permissions%5B4%5D%5B%5D=5&permissions%5B4%5D%5B%5D=6&permissions%5B4%5D%5B%5D=7&permissions%5B4%5D%5B%5D=8&permissions%5B5%5D%5B%5D=5&permissions%5B5%5D%5B%5D=6&permissions%5B11%5D%5B%5D=5&permissions%5B11%5D%5B%5D=6&permissions%5B11%5D%5B%5D=7&permissions%5B11%5D%5B%5D=8&permissions%5B14%5D%5B%5D=5&permissions%5B14%5D%5B%5D=6&permissions%5B14%5D%5B%5D=7&permissions%5B14%5D%5B%5D=8&permissions%5B14%5D%5B%5D=9&permissions%5B14%5D%5B%5D=10&permissions%5B14%5D%5B%5D=12&permissions%5B14%5D%5B%5D=13&permissions%5B6%5D%5B%5D=5&permissions%5B7%5D%5B%5D=5&permissions%5B7%5D%5B%5D=7&permissions%5B9%5D%5B%5D=5&permissions%5B9%5D%5B%5D=8&permissions%5B10%5D%5B%5D=5&permissions%5B10%5D%5B%5D=6&permissions%5B10%5D%5B%5D=7&permissions%5B10%5D%5B%5D=8&permissions%5B13%5D%5B%5D=5&permissions%5B13%5D%5B%5D=7
[2025-05-25 07:02:53] INFO: Controller Updating role permissions
[2025-05-25 07:02:53] INFO: Application started
[2025-05-25 07:02:53] INFO: Request method: GET
[2025-05-25 07:02:53] INFO: Request URI: /role-permissions?role_id=1
[2025-05-25 07:02:53] INFO: Request headers: {"Host":"localhost:8000","Connection":"keep-alive","Cache-Control":"max-age=0","DNT":"1","Upgrade-Insecure-Requests":"1","User-Agent":"Mozilla\/5.0 (Windows NT 10.0; Win64; x64) AppleWebKit\/537.36 (KHTML, like Gecko) Chrome\/136.0.0.0 Safari\/537.36","Accept":"text\/html,application\/xhtml+xml,application\/xml;q=0.9,image\/avif,image\/webp,image\/apng,*\/*;q=0.8,application\/signed-exchange;v=b3;q=0.7","Sec-Fetch-Site":"same-origin","Sec-Fetch-Mode":"navigate","Sec-Fetch-User":"?1","Sec-Fetch-Dest":"document","sec-ch-ua":"\"Chromium\";v=\"136\", \"Google Chrome\";v=\"136\", \"Not.A\/Brand\";v=\"99\"","sec-ch-ua-mobile":"?0","sec-ch-ua-platform":"\"Windows\"","Referer":"http:\/\/localhost:8000\/role-permissions?role_id=1","Accept-Encoding":"gzip, deflate, br, zstd","Accept-Language":"en-ID,en;q=0.9,id-ID;q=0.8,id;q=0.7,en-GB;q=0.6,en-US;q=0.5","Cookie":"PHPSESSID=eqekeaamqtal8fpkojnjbng6mv"}
[2025-05-25 07:02:53] INFO: Request body: 
[2025-05-25 07:02:53] INFO: Controller Fetching all modules
[2025-05-25 07:02:53] INFO: Fetching all roles
[2025-05-25 07:02:53] INFO: Fetching all modules
[2025-05-25 07:02:53] INFO: Fetching all permissions
[2025-05-25 07:02:56] INFO: Application started
[2025-05-25 07:02:56] INFO: Request method: POST
[2025-05-25 07:02:56] INFO: Request URI: /auth/logout
[2025-05-25 07:02:56] INFO: Request headers: {"Host":"localhost:8000","Connection":"keep-alive","Content-Length":"76","Cache-Control":"max-age=0","sec-ch-ua":"\"Chromium\";v=\"136\", \"Google Chrome\";v=\"136\", \"Not.A\/Brand\";v=\"99\"","sec-ch-ua-mobile":"?0","sec-ch-ua-platform":"\"Windows\"","Origin":"http:\/\/localhost:8000","DNT":"1","Upgrade-Insecure-Requests":"1","Content-Type":"application\/x-www-form-urlencoded","User-Agent":"Mozilla\/5.0 (Windows NT 10.0; Win64; x64) AppleWebKit\/537.36 (KHTML, like Gecko) Chrome\/136.0.0.0 Safari\/537.36","Accept":"text\/html,application\/xhtml+xml,application\/xml;q=0.9,image\/avif,image\/webp,image\/apng,*\/*;q=0.8,application\/signed-exchange;v=b3;q=0.7","Sec-Fetch-Site":"same-origin","Sec-Fetch-Mode":"navigate","Sec-Fetch-User":"?1","Sec-Fetch-Dest":"document","Referer":"http:\/\/localhost:8000\/role-permissions?role_id=1","Accept-Encoding":"gzip, deflate, br, zstd","Accept-Language":"en-ID,en;q=0.9,id-ID;q=0.8,id;q=0.7,en-GB;q=0.6,en-US;q=0.5","Cookie":"PHPSESSID=eqekeaamqtal8fpkojnjbng6mv"}
[2025-05-25 07:02:56] INFO: Request body: _csrf_token=e64ca947ed305a67d410d1034500a82970c6968276ea86a60c4931749ad35f4f
[2025-05-25 07:02:56] INFO: Application started
[2025-05-25 07:02:56] INFO: Request method: GET
[2025-05-25 07:02:56] INFO: Request URI: /auth/login
[2025-05-25 07:02:56] INFO: Request headers: {"Host":"localhost:8000","Connection":"keep-alive","Cache-Control":"max-age=0","DNT":"1","Upgrade-Insecure-Requests":"1","User-Agent":"Mozilla\/5.0 (Windows NT 10.0; Win64; x64) AppleWebKit\/537.36 (KHTML, like Gecko) Chrome\/136.0.0.0 Safari\/537.36","Accept":"text\/html,application\/xhtml+xml,application\/xml;q=0.9,image\/avif,image\/webp,image\/apng,*\/*;q=0.8,application\/signed-exchange;v=b3;q=0.7","Sec-Fetch-Site":"same-origin","Sec-Fetch-Mode":"navigate","Sec-Fetch-User":"?1","Sec-Fetch-Dest":"document","sec-ch-ua":"\"Chromium\";v=\"136\", \"Google Chrome\";v=\"136\", \"Not.A\/Brand\";v=\"99\"","sec-ch-ua-mobile":"?0","sec-ch-ua-platform":"\"Windows\"","Referer":"http:\/\/localhost:8000\/role-permissions?role_id=1","Accept-Encoding":"gzip, deflate, br, zstd","Accept-Language":"en-ID,en;q=0.9,id-ID;q=0.8,id;q=0.7,en-GB;q=0.6,en-US;q=0.5","Cookie":"PHPSESSID=eqekeaamqtal8fpkojnjbng6mv"}
[2025-05-25 07:02:56] INFO: Request body: 
[2025-05-25 07:03:06] INFO: Application started
[2025-05-25 07:03:06] INFO: Request method: POST
[2025-05-25 07:03:06] INFO: Request URI: /auth/login
[2025-05-25 07:03:06] INFO: Request headers: {"Host":"localhost:8000","Connection":"keep-alive","Content-Length":"109","Cache-Control":"max-age=0","sec-ch-ua":"\"Chromium\";v=\"136\", \"Google Chrome\";v=\"136\", \"Not.A\/Brand\";v=\"99\"","sec-ch-ua-mobile":"?0","sec-ch-ua-platform":"\"Windows\"","Origin":"http:\/\/localhost:8000","DNT":"1","Upgrade-Insecure-Requests":"1","Content-Type":"application\/x-www-form-urlencoded","User-Agent":"Mozilla\/5.0 (Windows NT 10.0; Win64; x64) AppleWebKit\/537.36 (KHTML, like Gecko) Chrome\/136.0.0.0 Safari\/537.36","Accept":"text\/html,application\/xhtml+xml,application\/xml;q=0.9,image\/avif,image\/webp,image\/apng,*\/*;q=0.8,application\/signed-exchange;v=b3;q=0.7","Sec-Fetch-Site":"same-origin","Sec-Fetch-Mode":"navigate","Sec-Fetch-User":"?1","Sec-Fetch-Dest":"document","Referer":"http:\/\/localhost:8000\/auth\/login","Accept-Encoding":"gzip, deflate, br, zstd","Accept-Language":"en-ID,en;q=0.9,id-ID;q=0.8,id;q=0.7,en-GB;q=0.6,en-US;q=0.5","Cookie":"PHPSESSID=eqekeaamqtal8fpkojnjbng6mv"}
[2025-05-25 07:03:06] INFO: Request body: _csrf_token=c8e901bea306ebda0fd37e2df2f1ec669d3a3130c1647b90ce5461c3ee533c15&username=admin&password=password
[2025-05-25 07:03:06] INFO: Attempting to log in user.
[2025-05-25 07:03:06] INFO: Username: admin
[2025-05-25 07:03:06] INFO: Password: password
[2025-05-25 07:03:06] INFO: Creating AuthService instance.
[2025-05-25 07:03:06] INFO: Attempting to log in user with username: admin
[2025-05-25 07:03:06] INFO: Fetching user by username: admin
[2025-05-25 07:03:06] INFO: Fetching permissions for role ID: 1
[2025-05-25 07:03:06] INFO: User authenticated successfully.
[2025-05-25 07:03:06] INFO: User session set: {"id":1,"username":"admin","role":"admin","permissions":["approve-module","approve-contract","create-employee","create-employee","create-employee","create-employee","create-employee","create-department","create-department","create-department","create-department","create-department","create-role","create-role","create-role","create-role","create-role","create-module","create-module","create-module","create-module","create-module","create-leave_management","create-leave_management","create-leave_management","create-leave_management","create-leave_management","create-contract","create-contract","create-contract","create-contract","create-contract","delete-employee","delete-employee","delete-employee","delete-employee","delete-employee","delete-role","delete-role","delete-role","delete-role","delete-role","delete-module","delete-module","delete-module","delete-module","delete-module","delete-leave_management","delete-leave_management","delete-leave_management","delete-leave_management","delete-leave_management","delete-contract","delete-contract","delete-contract","delete-contract","delete-contract","export-module","export-contract","import-module","import-contract","reject-module","reject-contract","update-employee","update-employee","update-employee","update-employee","update-employee","update-employee","update-stock","update-stock","update-stock","update-stock","update-stock","update-stock","update-role","update-role","update-role","update-role","update-role","update-role","update-module","update-module","update-module","update-module","update-module","update-module","update-leave_management","update-leave_management","update-leave_management","update-leave_management","update-leave_management","update-leave_management","update-role_permission","update-role_permission","update-role_permission","update-role_permission","update-role_permission","update-role_permission","update-contract","update-contract","update-contract","update-contract","update-contract","update-contract","view-dashboard","view-dashboard","view-dashboard","view-dashboard","view-dashboard","view-dashboard","view-dashboard","view-dashboard","view-dashboard","view-dashboard","view-employee","view-employee","view-employee","view-employee","view-employee","view-employee","view-employee","view-employee","view-employee","view-employee","view-department","view-department","view-department","view-department","view-department","view-department","view-department","view-department","view-department","view-department","view-warehouse","view-warehouse","view-warehouse","view-warehouse","view-warehouse","view-warehouse","view-warehouse","view-warehouse","view-warehouse","view-warehouse","view-stock","view-stock","view-stock","view-stock","view-stock","view-stock","view-stock","view-stock","view-stock","view-stock","view-role","view-role","view-role","view-role","view-role","view-role","view-role","view-role","view-role","view-role","view-module","view-module","view-module","view-module","view-module","view-module","view-module","view-module","view-module","view-module","view-leave_management","view-leave_management","view-leave_management","view-leave_management","view-leave_management","view-leave_management","view-leave_management","view-leave_management","view-leave_management","view-leave_management","view-role_permission","view-role_permission","view-role_permission","view-role_permission","view-role_permission","view-role_permission","view-role_permission","view-role_permission","view-role_permission","view-role_permission","view-contract","view-contract","view-contract","view-contract","view-contract","view-contract","view-contract","view-contract","view-contract","view-contract"]}
[2025-05-25 07:03:06] INFO: Application started
[2025-05-25 07:03:06] INFO: Request method: GET
[2025-05-25 07:03:06] INFO: Request URI: /dashboard
[2025-05-25 07:03:06] INFO: Request headers: {"Host":"localhost:8000","Connection":"keep-alive","Cache-Control":"max-age=0","DNT":"1","Upgrade-Insecure-Requests":"1","User-Agent":"Mozilla\/5.0 (Windows NT 10.0; Win64; x64) AppleWebKit\/537.36 (KHTML, like Gecko) Chrome\/136.0.0.0 Safari\/537.36","Accept":"text\/html,application\/xhtml+xml,application\/xml;q=0.9,image\/avif,image\/webp,image\/apng,*\/*;q=0.8,application\/signed-exchange;v=b3;q=0.7","Sec-Fetch-Site":"same-origin","Sec-Fetch-Mode":"navigate","Sec-Fetch-User":"?1","Sec-Fetch-Dest":"document","sec-ch-ua":"\"Chromium\";v=\"136\", \"Google Chrome\";v=\"136\", \"Not.A\/Brand\";v=\"99\"","sec-ch-ua-mobile":"?0","sec-ch-ua-platform":"\"Windows\"","Referer":"http:\/\/localhost:8000\/auth\/login","Accept-Encoding":"gzip, deflate, br, zstd","Accept-Language":"en-ID,en;q=0.9,id-ID;q=0.8,id;q=0.7,en-GB;q=0.6,en-US;q=0.5","Cookie":"PHPSESSID=gds66cr95ff2jp5108o40lp2ne"}
[2025-05-25 07:03:06] INFO: Request body: 
[2025-05-25 07:03:59] INFO: Application started
[2025-05-25 07:03:59] INFO: Request method: GET
[2025-05-25 07:03:59] INFO: Request URI: /modules
[2025-05-25 07:03:59] INFO: Request headers: {"Host":"localhost:8000","Connection":"keep-alive","sec-ch-ua":"\"Chromium\";v=\"136\", \"Google Chrome\";v=\"136\", \"Not.A\/Brand\";v=\"99\"","sec-ch-ua-mobile":"?0","sec-ch-ua-platform":"\"Windows\"","DNT":"1","Upgrade-Insecure-Requests":"1","User-Agent":"Mozilla\/5.0 (Windows NT 10.0; Win64; x64) AppleWebKit\/537.36 (KHTML, like Gecko) Chrome\/136.0.0.0 Safari\/537.36","Accept":"text\/html,application\/xhtml+xml,application\/xml;q=0.9,image\/avif,image\/webp,image\/apng,*\/*;q=0.8,application\/signed-exchange;v=b3;q=0.7","Sec-Fetch-Site":"none","Sec-Fetch-Mode":"navigate","Sec-Fetch-User":"?1","Sec-Fetch-Dest":"document","Accept-Encoding":"gzip, deflate, br, zstd","Accept-Language":"en-ID,en;q=0.9,id-ID;q=0.8,id;q=0.7,en-GB;q=0.6,en-US;q=0.5","Cookie":"PHPSESSID=gds66cr95ff2jp5108o40lp2ne"}
[2025-05-25 07:03:59] INFO: Request body: 
[2025-05-25 07:03:59] INFO: Controller Fetching all modules
[2025-05-25 07:03:59] INFO: Fetching all modules
[2025-05-25 07:04:05] INFO: Application started
[2025-05-25 07:04:05] INFO: Request method: GET
[2025-05-25 07:04:05] INFO: Request URI: /role-permissions
[2025-05-25 07:04:05] INFO: Request headers: {"Host":"localhost:8000","Connection":"keep-alive","sec-ch-ua":"\"Chromium\";v=\"136\", \"Google Chrome\";v=\"136\", \"Not.A\/Brand\";v=\"99\"","sec-ch-ua-mobile":"?0","sec-ch-ua-platform":"\"Windows\"","DNT":"1","Upgrade-Insecure-Requests":"1","User-Agent":"Mozilla\/5.0 (Windows NT 10.0; Win64; x64) AppleWebKit\/537.36 (KHTML, like Gecko) Chrome\/136.0.0.0 Safari\/537.36","Sec-Purpose":"prefetch;prerender","Purpose":"prefetch","Accept":"text\/html,application\/xhtml+xml,application\/xml;q=0.9,image\/avif,image\/webp,image\/apng,*\/*;q=0.8,application\/signed-exchange;v=b3;q=0.7","Sec-Fetch-Site":"none","Sec-Fetch-Mode":"navigate","Sec-Fetch-User":"?1","Sec-Fetch-Dest":"document","Accept-Encoding":"gzip, deflate, br, zstd","Accept-Language":"en-ID,en;q=0.9,id-ID;q=0.8,id;q=0.7,en-GB;q=0.6,en-US;q=0.5","Cookie":"PHPSESSID=gds66cr95ff2jp5108o40lp2ne"}
[2025-05-25 07:04:05] INFO: Request body: 
[2025-05-25 07:04:05] INFO: Controller Fetching all modules
[2025-05-25 07:04:05] INFO: Fetching all roles
[2025-05-25 07:04:05] INFO: Fetching all modules
[2025-05-25 07:04:05] INFO: Fetching all permissions
[2025-05-25 07:04:07] INFO: Application started
[2025-05-25 07:04:07] INFO: Request method: GET
[2025-05-25 07:04:07] INFO: Request URI: /dashboard
[2025-05-25 07:04:08] INFO: Request headers: {"Host":"localhost:8000","Connection":"keep-alive","Cache-Control":"max-age=0","sec-ch-ua":"\"Chromium\";v=\"136\", \"Google Chrome\";v=\"136\", \"Not.A\/Brand\";v=\"99\"","sec-ch-ua-mobile":"?0","sec-ch-ua-platform":"\"Windows\"","DNT":"1","Upgrade-Insecure-Requests":"1","User-Agent":"Mozilla\/5.0 (Windows NT 10.0; Win64; x64) AppleWebKit\/537.36 (KHTML, like Gecko) Chrome\/136.0.0.0 Safari\/537.36","Accept":"text\/html,application\/xhtml+xml,application\/xml;q=0.9,image\/avif,image\/webp,image\/apng,*\/*;q=0.8,application\/signed-exchange;v=b3;q=0.7","Sec-Fetch-Site":"same-origin","Sec-Fetch-Mode":"navigate","Sec-Fetch-User":"?1","Sec-Fetch-Dest":"document","Referer":"http:\/\/localhost:8000\/auth\/login","Accept-Encoding":"gzip, deflate, br, zstd","Accept-Language":"en-ID,en;q=0.9,id-ID;q=0.8,id;q=0.7,en-GB;q=0.6,en-US;q=0.5","Cookie":"PHPSESSID=gds66cr95ff2jp5108o40lp2ne"}
[2025-05-25 07:04:08] INFO: Request body: 
[2025-05-25 07:04:16] INFO: Application started
[2025-05-25 07:04:16] INFO: Request method: GET
[2025-05-25 07:04:16] INFO: Request URI: /role-permissions
[2025-05-25 07:04:16] INFO: Request headers: {"Host":"localhost:8000","Connection":"keep-alive","sec-ch-ua":"\"Chromium\";v=\"136\", \"Google Chrome\";v=\"136\", \"Not.A\/Brand\";v=\"99\"","sec-ch-ua-mobile":"?0","sec-ch-ua-platform":"\"Windows\"","DNT":"1","Upgrade-Insecure-Requests":"1","User-Agent":"Mozilla\/5.0 (Windows NT 10.0; Win64; x64) AppleWebKit\/537.36 (KHTML, like Gecko) Chrome\/136.0.0.0 Safari\/537.36","Accept":"text\/html,application\/xhtml+xml,application\/xml;q=0.9,image\/avif,image\/webp,image\/apng,*\/*;q=0.8,application\/signed-exchange;v=b3;q=0.7","Sec-Fetch-Site":"same-origin","Sec-Fetch-Mode":"navigate","Sec-Fetch-User":"?1","Sec-Fetch-Dest":"document","Referer":"http:\/\/localhost:8000\/role-permissions","Accept-Encoding":"gzip, deflate, br, zstd","Accept-Language":"en-ID,en;q=0.9,id-ID;q=0.8,id;q=0.7,en-GB;q=0.6,en-US;q=0.5","Cookie":"PHPSESSID=gds66cr95ff2jp5108o40lp2ne"}
[2025-05-25 07:04:16] INFO: Request body: 
[2025-05-25 07:04:16] INFO: Controller Fetching all modules
[2025-05-25 07:04:16] INFO: Fetching all roles
[2025-05-25 07:04:16] INFO: Fetching all modules
[2025-05-25 07:04:16] INFO: Fetching all permissions
[2025-05-25 07:04:17] INFO: Application started
[2025-05-25 07:04:17] INFO: Request method: GET
[2025-05-25 07:04:17] INFO: Request URI: /role-permissions?role_id=1
[2025-05-25 07:04:17] INFO: Request headers: {"Host":"localhost:8000","Connection":"keep-alive","sec-ch-ua":"\"Chromium\";v=\"136\", \"Google Chrome\";v=\"136\", \"Not.A\/Brand\";v=\"99\"","sec-ch-ua-mobile":"?0","sec-ch-ua-platform":"\"Windows\"","DNT":"1","Upgrade-Insecure-Requests":"1","User-Agent":"Mozilla\/5.0 (Windows NT 10.0; Win64; x64) AppleWebKit\/537.36 (KHTML, like Gecko) Chrome\/136.0.0.0 Safari\/537.36","Accept":"text\/html,application\/xhtml+xml,application\/xml;q=0.9,image\/avif,image\/webp,image\/apng,*\/*;q=0.8,application\/signed-exchange;v=b3;q=0.7","Sec-Fetch-Site":"same-origin","Sec-Fetch-Mode":"navigate","Sec-Fetch-User":"?1","Sec-Fetch-Dest":"document","Referer":"http:\/\/localhost:8000\/role-permissions","Accept-Encoding":"gzip, deflate, br, zstd","Accept-Language":"en-ID,en;q=0.9,id-ID;q=0.8,id;q=0.7,en-GB;q=0.6,en-US;q=0.5","Cookie":"PHPSESSID=gds66cr95ff2jp5108o40lp2ne"}
[2025-05-25 07:04:17] INFO: Request body: 
[2025-05-25 07:04:17] INFO: Controller Fetching all modules
[2025-05-25 07:04:17] INFO: Fetching all roles
[2025-05-25 07:04:17] INFO: Fetching all modules
[2025-05-25 07:04:17] INFO: Fetching all permissions
[2025-05-25 07:04:31] INFO: Application started
[2025-05-25 07:04:31] INFO: Request method: GET
[2025-05-25 07:04:31] INFO: Request URI: /role-permissions?role_id=2
[2025-05-25 07:04:31] INFO: Request headers: {"Host":"localhost:8000","Connection":"keep-alive","sec-ch-ua":"\"Chromium\";v=\"136\", \"Google Chrome\";v=\"136\", \"Not.A\/Brand\";v=\"99\"","sec-ch-ua-mobile":"?0","sec-ch-ua-platform":"\"Windows\"","DNT":"1","Upgrade-Insecure-Requests":"1","User-Agent":"Mozilla\/5.0 (Windows NT 10.0; Win64; x64) AppleWebKit\/537.36 (KHTML, like Gecko) Chrome\/136.0.0.0 Safari\/537.36","Accept":"text\/html,application\/xhtml+xml,application\/xml;q=0.9,image\/avif,image\/webp,image\/apng,*\/*;q=0.8,application\/signed-exchange;v=b3;q=0.7","Sec-Fetch-Site":"same-origin","Sec-Fetch-Mode":"navigate","Sec-Fetch-User":"?1","Sec-Fetch-Dest":"document","Referer":"http:\/\/localhost:8000\/role-permissions?role_id=1","Accept-Encoding":"gzip, deflate, br, zstd","Accept-Language":"en-ID,en;q=0.9,id-ID;q=0.8,id;q=0.7,en-GB;q=0.6,en-US;q=0.5","Cookie":"PHPSESSID=gds66cr95ff2jp5108o40lp2ne"}
[2025-05-25 07:04:31] INFO: Request body: 
[2025-05-25 07:04:31] INFO: Controller Fetching all modules
[2025-05-25 07:04:31] INFO: Fetching all roles
[2025-05-25 07:04:31] INFO: Fetching all modules
[2025-05-25 07:04:31] INFO: Fetching all permissions
[2025-05-25 07:04:43] INFO: Application started
[2025-05-25 07:04:43] INFO: Request method: POST
[2025-05-25 07:04:43] INFO: Request URI: /role-permissions/update
[2025-05-25 07:04:43] INFO: Request headers: {"Host":"localhost:8000","Connection":"keep-alive","Content-Length":"141","Cache-Control":"max-age=0","sec-ch-ua":"\"Chromium\";v=\"136\", \"Google Chrome\";v=\"136\", \"Not.A\/Brand\";v=\"99\"","sec-ch-ua-mobile":"?0","sec-ch-ua-platform":"\"Windows\"","Origin":"http:\/\/localhost:8000","DNT":"1","Upgrade-Insecure-Requests":"1","Content-Type":"application\/x-www-form-urlencoded","User-Agent":"Mozilla\/5.0 (Windows NT 10.0; Win64; x64) AppleWebKit\/537.36 (KHTML, like Gecko) Chrome\/136.0.0.0 Safari\/537.36","Accept":"text\/html,application\/xhtml+xml,application\/xml;q=0.9,image\/avif,image\/webp,image\/apng,*\/*;q=0.8,application\/signed-exchange;v=b3;q=0.7","Sec-Fetch-Site":"same-origin","Sec-Fetch-Mode":"navigate","Sec-Fetch-User":"?1","Sec-Fetch-Dest":"document","Referer":"http:\/\/localhost:8000\/role-permissions?role_id=2","Accept-Encoding":"gzip, deflate, br, zstd","Accept-Language":"en-ID,en;q=0.9,id-ID;q=0.8,id;q=0.7,en-GB;q=0.6,en-US;q=0.5","Cookie":"PHPSESSID=gds66cr95ff2jp5108o40lp2ne"}
[2025-05-25 07:04:43] INFO: Request body: _csrf_token=c8e901bea306ebda0fd37e2df2f1ec669d3a3130c1647b90ce5461c3ee533c15&role_id=2&permissions%5B1%5D%5B%5D=5&permissions%5B13%5D%5B%5D=5
[2025-05-25 07:04:43] INFO: Controller Updating role permissions
[2025-05-25 07:04:43] INFO: Application started
[2025-05-25 07:04:43] INFO: Request method: GET
[2025-05-25 07:04:43] INFO: Request URI: /role-permissions?role_id=2
[2025-05-25 07:04:43] INFO: Request headers: {"Host":"localhost:8000","Connection":"keep-alive","Cache-Control":"max-age=0","DNT":"1","Upgrade-Insecure-Requests":"1","User-Agent":"Mozilla\/5.0 (Windows NT 10.0; Win64; x64) AppleWebKit\/537.36 (KHTML, like Gecko) Chrome\/136.0.0.0 Safari\/537.36","Accept":"text\/html,application\/xhtml+xml,application\/xml;q=0.9,image\/avif,image\/webp,image\/apng,*\/*;q=0.8,application\/signed-exchange;v=b3;q=0.7","Sec-Fetch-Site":"same-origin","Sec-Fetch-Mode":"navigate","Sec-Fetch-User":"?1","Sec-Fetch-Dest":"document","sec-ch-ua":"\"Chromium\";v=\"136\", \"Google Chrome\";v=\"136\", \"Not.A\/Brand\";v=\"99\"","sec-ch-ua-mobile":"?0","sec-ch-ua-platform":"\"Windows\"","Referer":"http:\/\/localhost:8000\/role-permissions?role_id=2","Accept-Encoding":"gzip, deflate, br, zstd","Accept-Language":"en-ID,en;q=0.9,id-ID;q=0.8,id;q=0.7,en-GB;q=0.6,en-US;q=0.5","Cookie":"PHPSESSID=gds66cr95ff2jp5108o40lp2ne"}
[2025-05-25 07:04:43] INFO: Request body: 
[2025-05-25 07:04:43] INFO: Controller Fetching all modules
[2025-05-25 07:04:43] INFO: Fetching all roles
[2025-05-25 07:04:43] INFO: Fetching all modules
[2025-05-25 07:04:43] INFO: Fetching all permissions
[2025-05-25 07:04:52] INFO: Application started
[2025-05-25 07:04:52] INFO: Request method: GET
[2025-05-25 07:04:53] INFO: Request URI: /role-permissions?role_id=2
[2025-05-25 07:04:53] INFO: Request headers: {"Host":"localhost:8000","Connection":"keep-alive","sec-ch-ua":"\"Chromium\";v=\"136\", \"Google Chrome\";v=\"136\", \"Not.A\/Brand\";v=\"99\"","sec-ch-ua-mobile":"?0","sec-ch-ua-platform":"\"Windows\"","DNT":"1","Upgrade-Insecure-Requests":"1","User-Agent":"Mozilla\/5.0 (Windows NT 10.0; Win64; x64) AppleWebKit\/537.36 (KHTML, like Gecko) Chrome\/136.0.0.0 Safari\/537.36","Accept":"text\/html,application\/xhtml+xml,application\/xml;q=0.9,image\/avif,image\/webp,image\/apng,*\/*;q=0.8,application\/signed-exchange;v=b3;q=0.7","Sec-Fetch-Site":"none","Sec-Fetch-Mode":"navigate","Sec-Fetch-User":"?1","Sec-Fetch-Dest":"document","Accept-Encoding":"gzip, deflate, br, zstd","Accept-Language":"en-ID,en;q=0.9"}
[2025-05-25 07:04:53] INFO: Request body: 
[2025-05-25 07:04:53] INFO: Application started
[2025-05-25 07:04:53] INFO: Request method: GET
[2025-05-25 07:04:53] INFO: Request URI: /auth/login
[2025-05-25 07:04:53] INFO: Request headers: {"Host":"localhost:8000","Connection":"keep-alive","DNT":"1","Upgrade-Insecure-Requests":"1","User-Agent":"Mozilla\/5.0 (Windows NT 10.0; Win64; x64) AppleWebKit\/537.36 (KHTML, like Gecko) Chrome\/136.0.0.0 Safari\/537.36","Accept":"text\/html,application\/xhtml+xml,application\/xml;q=0.9,image\/avif,image\/webp,image\/apng,*\/*;q=0.8,application\/signed-exchange;v=b3;q=0.7","Sec-Fetch-Site":"none","Sec-Fetch-Mode":"navigate","Sec-Fetch-User":"?1","Sec-Fetch-Dest":"document","sec-ch-ua":"\"Chromium\";v=\"136\", \"Google Chrome\";v=\"136\", \"Not.A\/Brand\";v=\"99\"","sec-ch-ua-mobile":"?0","sec-ch-ua-platform":"\"Windows\"","Accept-Encoding":"gzip, deflate, br, zstd","Accept-Language":"en-ID,en;q=0.9","Cookie":"PHPSESSID=ehbq4jhnhq2f7clekmhdf9d6sv"}
[2025-05-25 07:04:53] INFO: Request body: 
[2025-05-25 07:04:57] INFO: Application started
[2025-05-25 07:04:57] INFO: Request method: POST
[2025-05-25 07:04:57] INFO: Request URI: /auth/login
[2025-05-25 07:04:57] INFO: Request headers: {"Host":"localhost:8000","Connection":"keep-alive","Content-Length":"108","Cache-Control":"max-age=0","sec-ch-ua":"\"Chromium\";v=\"136\", \"Google Chrome\";v=\"136\", \"Not.A\/Brand\";v=\"99\"","sec-ch-ua-mobile":"?0","sec-ch-ua-platform":"\"Windows\"","Origin":"http:\/\/localhost:8000","DNT":"1","Upgrade-Insecure-Requests":"1","Content-Type":"application\/x-www-form-urlencoded","User-Agent":"Mozilla\/5.0 (Windows NT 10.0; Win64; x64) AppleWebKit\/537.36 (KHTML, like Gecko) Chrome\/136.0.0.0 Safari\/537.36","Accept":"text\/html,application\/xhtml+xml,application\/xml;q=0.9,image\/avif,image\/webp,image\/apng,*\/*;q=0.8,application\/signed-exchange;v=b3;q=0.7","Sec-Fetch-Site":"same-origin","Sec-Fetch-Mode":"navigate","Sec-Fetch-User":"?1","Sec-Fetch-Dest":"document","Referer":"http:\/\/localhost:8000\/auth\/login","Accept-Encoding":"gzip, deflate, br, zstd","Accept-Language":"en-ID,en;q=0.9","Cookie":"PHPSESSID=ehbq4jhnhq2f7clekmhdf9d6sv"}
[2025-05-25 07:04:57] INFO: Request body: _csrf_token=d2c8b62e1f0cb57f3ecd1d7dda8d653289c52a6ef110007b071614f4c6d8e498&username=user&password=password
[2025-05-25 07:04:57] INFO: Attempting to log in user.
[2025-05-25 07:04:57] INFO: Username: user
[2025-05-25 07:04:57] INFO: Password: password
[2025-05-25 07:04:57] INFO: Creating AuthService instance.
[2025-05-25 07:04:57] INFO: Attempting to log in user with username: user
[2025-05-25 07:04:57] INFO: Fetching user by username: user
[2025-05-25 07:04:57] INFO: Fetching permissions for role ID: 2
[2025-05-25 07:04:57] INFO: User authenticated successfully.
[2025-05-25 07:04:57] INFO: User session set: {"id":2,"username":"user","role":"user","permissions":["view-dashboard","view-employee","view-department","view-warehouse","view-stock","view-role","view-module","view-leave_management","view-role_permission","view-contract","view-dashboard","view-employee","view-department","view-warehouse","view-stock","view-role","view-module","view-leave_management","view-role_permission","view-contract"]}
[2025-05-25 07:04:57] INFO: Application started
[2025-05-25 07:04:57] INFO: Request method: GET
[2025-05-25 07:04:57] INFO: Request URI: /dashboard
[2025-05-25 07:04:57] INFO: Request headers: {"Host":"localhost:8000","Connection":"keep-alive","Cache-Control":"max-age=0","DNT":"1","Upgrade-Insecure-Requests":"1","User-Agent":"Mozilla\/5.0 (Windows NT 10.0; Win64; x64) AppleWebKit\/537.36 (KHTML, like Gecko) Chrome\/136.0.0.0 Safari\/537.36","Accept":"text\/html,application\/xhtml+xml,application\/xml;q=0.9,image\/avif,image\/webp,image\/apng,*\/*;q=0.8,application\/signed-exchange;v=b3;q=0.7","Sec-Fetch-Site":"same-origin","Sec-Fetch-Mode":"navigate","Sec-Fetch-User":"?1","Sec-Fetch-Dest":"document","sec-ch-ua":"\"Chromium\";v=\"136\", \"Google Chrome\";v=\"136\", \"Not.A\/Brand\";v=\"99\"","sec-ch-ua-mobile":"?0","sec-ch-ua-platform":"\"Windows\"","Referer":"http:\/\/localhost:8000\/auth\/login","Accept-Encoding":"gzip, deflate, br, zstd","Accept-Language":"en-ID,en;q=0.9","Cookie":"PHPSESSID=ipvuk5muki2gbcbpkuk6es38af"}
[2025-05-25 07:04:57] INFO: Request body: 
[2025-05-25 07:05:00] INFO: Application started
[2025-05-25 07:05:00] INFO: Request method: GET
[2025-05-25 07:05:00] INFO: Request URI: /role-permissions
[2025-05-25 07:05:00] INFO: Request headers: {"Host":"localhost:8000","Connection":"keep-alive","sec-ch-ua":"\"Chromium\";v=\"136\", \"Google Chrome\";v=\"136\", \"Not.A\/Brand\";v=\"99\"","sec-ch-ua-mobile":"?0","sec-ch-ua-platform":"\"Windows\"","DNT":"1","Upgrade-Insecure-Requests":"1","User-Agent":"Mozilla\/5.0 (Windows NT 10.0; Win64; x64) AppleWebKit\/537.36 (KHTML, like Gecko) Chrome\/136.0.0.0 Safari\/537.36","Sec-Purpose":"prefetch;prerender","Purpose":"prefetch","Accept":"text\/html,application\/xhtml+xml,application\/xml;q=0.9,image\/avif,image\/webp,image\/apng,*\/*;q=0.8,application\/signed-exchange;v=b3;q=0.7","Sec-Fetch-Site":"none","Sec-Fetch-Mode":"navigate","Sec-Fetch-User":"?1","Sec-Fetch-Dest":"document","Accept-Encoding":"gzip, deflate, br, zstd","Accept-Language":"en-ID,en;q=0.9","Cookie":"PHPSESSID=ipvuk5muki2gbcbpkuk6es38af"}
[2025-05-25 07:05:00] INFO: Request body: 
[2025-05-25 07:05:00] INFO: Controller Fetching all modules
[2025-05-25 07:05:00] INFO: Fetching all roles
[2025-05-25 07:05:00] INFO: Fetching all modules
[2025-05-25 07:05:00] INFO: Fetching all permissions
[2025-05-25 07:05:04] INFO: Application started
[2025-05-25 07:05:04] INFO: Request method: GET
[2025-05-25 07:05:04] INFO: Request URI: /roles
[2025-05-25 07:05:04] INFO: Request headers: {"Host":"localhost:8000","Connection":"keep-alive","sec-ch-ua":"\"Chromium\";v=\"136\", \"Google Chrome\";v=\"136\", \"Not.A\/Brand\";v=\"99\"","sec-ch-ua-mobile":"?0","sec-ch-ua-platform":"\"Windows\"","DNT":"1","Upgrade-Insecure-Requests":"1","User-Agent":"Mozilla\/5.0 (Windows NT 10.0; Win64; x64) AppleWebKit\/537.36 (KHTML, like Gecko) Chrome\/136.0.0.0 Safari\/537.36","Accept":"text\/html,application\/xhtml+xml,application\/xml;q=0.9,image\/avif,image\/webp,image\/apng,*\/*;q=0.8,application\/signed-exchange;v=b3;q=0.7","Sec-Fetch-Site":"same-origin","Sec-Fetch-Mode":"navigate","Sec-Fetch-User":"?1","Sec-Fetch-Dest":"document","Referer":"http:\/\/localhost:8000\/role-permissions","Accept-Encoding":"gzip, deflate, br, zstd","Accept-Language":"en-ID,en;q=0.9","Cookie":"PHPSESSID=ipvuk5muki2gbcbpkuk6es38af"}
[2025-05-25 07:05:04] INFO: Request body: 
[2025-05-25 07:05:04] INFO: Controller Fetching all roles
[2025-05-25 07:05:04] INFO: Fetching all roles
[2025-05-25 07:05:07] INFO: Application started
[2025-05-25 07:05:07] INFO: Request method: GET
[2025-05-25 07:05:07] INFO: Request URI: /modules
[2025-05-25 07:05:07] INFO: Request headers: {"Host":"localhost:8000","Connection":"keep-alive","sec-ch-ua":"\"Chromium\";v=\"136\", \"Google Chrome\";v=\"136\", \"Not.A\/Brand\";v=\"99\"","sec-ch-ua-mobile":"?0","sec-ch-ua-platform":"\"Windows\"","DNT":"1","Upgrade-Insecure-Requests":"1","User-Agent":"Mozilla\/5.0 (Windows NT 10.0; Win64; x64) AppleWebKit\/537.36 (KHTML, like Gecko) Chrome\/136.0.0.0 Safari\/537.36","Accept":"text\/html,application\/xhtml+xml,application\/xml;q=0.9,image\/avif,image\/webp,image\/apng,*\/*;q=0.8,application\/signed-exchange;v=b3;q=0.7","Sec-Fetch-Site":"same-origin","Sec-Fetch-Mode":"navigate","Sec-Fetch-User":"?1","Sec-Fetch-Dest":"document","Referer":"http:\/\/localhost:8000\/roles","Accept-Encoding":"gzip, deflate, br, zstd","Accept-Language":"en-ID,en;q=0.9","Cookie":"PHPSESSID=ipvuk5muki2gbcbpkuk6es38af"}
[2025-05-25 07:05:07] INFO: Request body: 
[2025-05-25 07:05:07] INFO: Controller Fetching all modules
[2025-05-25 07:05:07] INFO: Fetching all modules
[2025-05-25 07:05:31] INFO: Application started
[2025-05-25 07:05:31] INFO: Request method: GET
[2025-05-25 07:05:31] INFO: Request URI: /dashboard
[2025-05-25 07:05:31] INFO: Request headers: {"Host":"localhost:8000","Connection":"keep-alive","sec-ch-ua":"\"Chromium\";v=\"136\", \"Google Chrome\";v=\"136\", \"Not.A\/Brand\";v=\"99\"","sec-ch-ua-mobile":"?0","sec-ch-ua-platform":"\"Windows\"","DNT":"1","Upgrade-Insecure-Requests":"1","User-Agent":"Mozilla\/5.0 (Windows NT 10.0; Win64; x64) AppleWebKit\/537.36 (KHTML, like Gecko) Chrome\/136.0.0.0 Safari\/537.36","Accept":"text\/html,application\/xhtml+xml,application\/xml;q=0.9,image\/avif,image\/webp,image\/apng,*\/*;q=0.8,application\/signed-exchange;v=b3;q=0.7","Sec-Fetch-Site":"none","Sec-Fetch-Mode":"navigate","Sec-Fetch-User":"?1","Sec-Fetch-Dest":"document","Accept-Encoding":"gzip, deflate, br, zstd","Accept-Language":"en-ID,en;q=0.9","Cookie":"PHPSESSID=ipvuk5muki2gbcbpkuk6es38af"}
[2025-05-25 07:05:31] INFO: Request body: 
[2025-05-25 07:07:09] INFO: Application started
[2025-05-25 07:07:09] INFO: Request method: POST
[2025-05-25 07:07:09] INFO: Request URI: /auth/logout
[2025-05-25 07:07:09] INFO: Request headers: {"Host":"localhost:8000","Connection":"keep-alive","Content-Length":"76","Cache-Control":"max-age=0","sec-ch-ua":"\"Chromium\";v=\"136\", \"Google Chrome\";v=\"136\", \"Not.A\/Brand\";v=\"99\"","sec-ch-ua-mobile":"?0","sec-ch-ua-platform":"\"Windows\"","Origin":"http:\/\/localhost:8000","DNT":"1","Upgrade-Insecure-Requests":"1","Content-Type":"application\/x-www-form-urlencoded","User-Agent":"Mozilla\/5.0 (Windows NT 10.0; Win64; x64) AppleWebKit\/537.36 (KHTML, like Gecko) Chrome\/136.0.0.0 Safari\/537.36","Accept":"text\/html,application\/xhtml+xml,application\/xml;q=0.9,image\/avif,image\/webp,image\/apng,*\/*;q=0.8,application\/signed-exchange;v=b3;q=0.7","Sec-Fetch-Site":"same-origin","Sec-Fetch-Mode":"navigate","Sec-Fetch-User":"?1","Sec-Fetch-Dest":"document","Referer":"http:\/\/localhost:8000\/modules","Accept-Encoding":"gzip, deflate, br, zstd","Accept-Language":"en-ID,en;q=0.9","Cookie":"PHPSESSID=ipvuk5muki2gbcbpkuk6es38af"}
[2025-05-25 07:07:09] INFO: Request body: _csrf_token=d2c8b62e1f0cb57f3ecd1d7dda8d653289c52a6ef110007b071614f4c6d8e498
[2025-05-25 07:07:09] INFO: Application started
[2025-05-25 07:07:09] INFO: Request method: GET
[2025-05-25 07:07:09] INFO: Request URI: /auth/login
[2025-05-25 07:07:09] INFO: Request headers: {"Host":"localhost:8000","Connection":"keep-alive","Cache-Control":"max-age=0","DNT":"1","Upgrade-Insecure-Requests":"1","User-Agent":"Mozilla\/5.0 (Windows NT 10.0; Win64; x64) AppleWebKit\/537.36 (KHTML, like Gecko) Chrome\/136.0.0.0 Safari\/537.36","Accept":"text\/html,application\/xhtml+xml,application\/xml;q=0.9,image\/avif,image\/webp,image\/apng,*\/*;q=0.8,application\/signed-exchange;v=b3;q=0.7","Sec-Fetch-Site":"same-origin","Sec-Fetch-Mode":"navigate","Sec-Fetch-User":"?1","Sec-Fetch-Dest":"document","sec-ch-ua":"\"Chromium\";v=\"136\", \"Google Chrome\";v=\"136\", \"Not.A\/Brand\";v=\"99\"","sec-ch-ua-mobile":"?0","sec-ch-ua-platform":"\"Windows\"","Referer":"http:\/\/localhost:8000\/modules","Accept-Encoding":"gzip, deflate, br, zstd","Accept-Language":"en-ID,en;q=0.9","Cookie":"PHPSESSID=ipvuk5muki2gbcbpkuk6es38af"}
[2025-05-25 07:07:09] INFO: Request body: 
[2025-05-25 07:07:13] INFO: Application started
[2025-05-25 07:07:13] INFO: Request method: POST
[2025-05-25 07:07:13] INFO: Request URI: /auth/login
[2025-05-25 07:07:13] INFO: Request headers: {"Host":"localhost:8000","Connection":"keep-alive","Content-Length":"108","Cache-Control":"max-age=0","sec-ch-ua":"\"Chromium\";v=\"136\", \"Google Chrome\";v=\"136\", \"Not.A\/Brand\";v=\"99\"","sec-ch-ua-mobile":"?0","sec-ch-ua-platform":"\"Windows\"","Origin":"http:\/\/localhost:8000","DNT":"1","Upgrade-Insecure-Requests":"1","Content-Type":"application\/x-www-form-urlencoded","User-Agent":"Mozilla\/5.0 (Windows NT 10.0; Win64; x64) AppleWebKit\/537.36 (KHTML, like Gecko) Chrome\/136.0.0.0 Safari\/537.36","Accept":"text\/html,application\/xhtml+xml,application\/xml;q=0.9,image\/avif,image\/webp,image\/apng,*\/*;q=0.8,application\/signed-exchange;v=b3;q=0.7","Sec-Fetch-Site":"same-origin","Sec-Fetch-Mode":"navigate","Sec-Fetch-User":"?1","Sec-Fetch-Dest":"document","Referer":"http:\/\/localhost:8000\/auth\/login","Accept-Encoding":"gzip, deflate, br, zstd","Accept-Language":"en-ID,en;q=0.9","Cookie":"PHPSESSID=ipvuk5muki2gbcbpkuk6es38af"}
[2025-05-25 07:07:13] INFO: Request body: _csrf_token=95e61605837f24dadcf5c772fdadd8c879982fc218d52ae87a5e1a91206e3408&username=user&password=password
[2025-05-25 07:07:13] INFO: Attempting to log in user.
[2025-05-25 07:07:13] INFO: Username: user
[2025-05-25 07:07:13] INFO: Password: password
[2025-05-25 07:07:13] INFO: Creating AuthService instance.
[2025-05-25 07:07:13] INFO: Attempting to log in user with username: user
[2025-05-25 07:07:13] INFO: Fetching user by username: user
[2025-05-25 07:07:13] INFO: Fetching permissions for role ID: 2
[2025-05-25 07:07:13] INFO: User authenticated successfully.
[2025-05-25 07:07:13] INFO: User session set: {"id":2,"username":"user","role":"user","permissions":["view-dashboard","view-role_permission"]}
[2025-05-25 07:07:13] INFO: Application started
[2025-05-25 07:07:13] INFO: Request method: GET
[2025-05-25 07:07:13] INFO: Request URI: /dashboard
[2025-05-25 07:07:13] INFO: Request headers: {"Host":"localhost:8000","Connection":"keep-alive","Cache-Control":"max-age=0","DNT":"1","Upgrade-Insecure-Requests":"1","User-Agent":"Mozilla\/5.0 (Windows NT 10.0; Win64; x64) AppleWebKit\/537.36 (KHTML, like Gecko) Chrome\/136.0.0.0 Safari\/537.36","Accept":"text\/html,application\/xhtml+xml,application\/xml;q=0.9,image\/avif,image\/webp,image\/apng,*\/*;q=0.8,application\/signed-exchange;v=b3;q=0.7","Sec-Fetch-Site":"same-origin","Sec-Fetch-Mode":"navigate","Sec-Fetch-User":"?1","Sec-Fetch-Dest":"document","sec-ch-ua":"\"Chromium\";v=\"136\", \"Google Chrome\";v=\"136\", \"Not.A\/Brand\";v=\"99\"","sec-ch-ua-mobile":"?0","sec-ch-ua-platform":"\"Windows\"","Referer":"http:\/\/localhost:8000\/auth\/login","Accept-Encoding":"gzip, deflate, br, zstd","Accept-Language":"en-ID,en;q=0.9","Cookie":"PHPSESSID=70gakflld4esqh84u8civa4a1v"}
[2025-05-25 07:07:13] INFO: Request body: 
[2025-05-25 07:07:20] INFO: Application started
[2025-05-25 07:07:20] INFO: Request method: GET
[2025-05-25 07:07:20] INFO: Request URI: /role-permissions
[2025-05-25 07:07:20] INFO: Request headers: {"Host":"localhost:8000","Connection":"keep-alive","sec-ch-ua":"\"Chromium\";v=\"136\", \"Google Chrome\";v=\"136\", \"Not.A\/Brand\";v=\"99\"","sec-ch-ua-mobile":"?0","sec-ch-ua-platform":"\"Windows\"","DNT":"1","Upgrade-Insecure-Requests":"1","User-Agent":"Mozilla\/5.0 (Windows NT 10.0; Win64; x64) AppleWebKit\/537.36 (KHTML, like Gecko) Chrome\/136.0.0.0 Safari\/537.36","Sec-Purpose":"prefetch;prerender","Purpose":"prefetch","Accept":"text\/html,application\/xhtml+xml,application\/xml;q=0.9,image\/avif,image\/webp,image\/apng,*\/*;q=0.8,application\/signed-exchange;v=b3;q=0.7","Sec-Fetch-Site":"none","Sec-Fetch-Mode":"navigate","Sec-Fetch-User":"?1","Sec-Fetch-Dest":"document","Accept-Encoding":"gzip, deflate, br, zstd","Accept-Language":"en-ID,en;q=0.9","Cookie":"PHPSESSID=70gakflld4esqh84u8civa4a1v"}
[2025-05-25 07:07:20] INFO: Request body: 
[2025-05-25 07:07:20] INFO: Controller Fetching all modules
[2025-05-25 07:07:20] INFO: Fetching all roles
[2025-05-25 07:07:20] INFO: Fetching all modules
[2025-05-25 07:07:20] INFO: Fetching all permissions
[2025-05-25 07:07:31] INFO: Application started
[2025-05-25 07:07:31] INFO: Request method: GET
[2025-05-25 07:07:31] INFO: Request URI: /roles
[2025-05-25 07:07:31] INFO: Request headers: {"Host":"localhost:8000","Connection":"keep-alive","sec-ch-ua":"\"Chromium\";v=\"136\", \"Google Chrome\";v=\"136\", \"Not.A\/Brand\";v=\"99\"","sec-ch-ua-mobile":"?0","sec-ch-ua-platform":"\"Windows\"","DNT":"1","Upgrade-Insecure-Requests":"1","User-Agent":"Mozilla\/5.0 (Windows NT 10.0; Win64; x64) AppleWebKit\/537.36 (KHTML, like Gecko) Chrome\/136.0.0.0 Safari\/537.36","Accept":"text\/html,application\/xhtml+xml,application\/xml;q=0.9,image\/avif,image\/webp,image\/apng,*\/*;q=0.8,application\/signed-exchange;v=b3;q=0.7","Sec-Fetch-Site":"same-origin","Sec-Fetch-Mode":"navigate","Sec-Fetch-User":"?1","Sec-Fetch-Dest":"document","Referer":"http:\/\/localhost:8000\/role-permissions","Accept-Encoding":"gzip, deflate, br, zstd","Accept-Language":"en-ID,en;q=0.9","Cookie":"PHPSESSID=70gakflld4esqh84u8civa4a1v"}
[2025-05-25 07:07:31] INFO: Request body: 
[2025-05-25 07:07:34] INFO: Application started
[2025-05-25 07:07:34] INFO: Request method: GET
[2025-05-25 07:07:34] INFO: Request URI: /modules
[2025-05-25 07:07:34] INFO: Request headers: {"Host":"localhost:8000","Connection":"keep-alive","sec-ch-ua":"\"Chromium\";v=\"136\", \"Google Chrome\";v=\"136\", \"Not.A\/Brand\";v=\"99\"","sec-ch-ua-mobile":"?0","sec-ch-ua-platform":"\"Windows\"","DNT":"1","Upgrade-Insecure-Requests":"1","User-Agent":"Mozilla\/5.0 (Windows NT 10.0; Win64; x64) AppleWebKit\/537.36 (KHTML, like Gecko) Chrome\/136.0.0.0 Safari\/537.36","Accept":"text\/html,application\/xhtml+xml,application\/xml;q=0.9,image\/avif,image\/webp,image\/apng,*\/*;q=0.8,application\/signed-exchange;v=b3;q=0.7","Sec-Fetch-Site":"same-origin","Sec-Fetch-Mode":"navigate","Sec-Fetch-User":"?1","Sec-Fetch-Dest":"document","Referer":"http:\/\/localhost:8000\/role-permissions","Accept-Encoding":"gzip, deflate, br, zstd","Accept-Language":"en-ID,en;q=0.9","Cookie":"PHPSESSID=70gakflld4esqh84u8civa4a1v"}
[2025-05-25 07:07:34] INFO: Request body: 
[2025-05-25 07:07:36] INFO: Application started
[2025-05-25 07:07:36] INFO: Request method: GET
[2025-05-25 07:07:36] INFO: Request URI: /role-permissions?role_id=1
[2025-05-25 07:07:36] INFO: Request headers: {"Host":"localhost:8000","Connection":"keep-alive","sec-ch-ua":"\"Chromium\";v=\"136\", \"Google Chrome\";v=\"136\", \"Not.A\/Brand\";v=\"99\"","sec-ch-ua-mobile":"?0","sec-ch-ua-platform":"\"Windows\"","DNT":"1","Upgrade-Insecure-Requests":"1","User-Agent":"Mozilla\/5.0 (Windows NT 10.0; Win64; x64) AppleWebKit\/537.36 (KHTML, like Gecko) Chrome\/136.0.0.0 Safari\/537.36","Accept":"text\/html,application\/xhtml+xml,application\/xml;q=0.9,image\/avif,image\/webp,image\/apng,*\/*;q=0.8,application\/signed-exchange;v=b3;q=0.7","Sec-Fetch-Site":"same-origin","Sec-Fetch-Mode":"navigate","Sec-Fetch-User":"?1","Sec-Fetch-Dest":"document","Referer":"http:\/\/localhost:8000\/role-permissions","Accept-Encoding":"gzip, deflate, br, zstd","Accept-Language":"en-ID,en;q=0.9","Cookie":"PHPSESSID=70gakflld4esqh84u8civa4a1v"}
[2025-05-25 07:07:36] INFO: Request body: 
[2025-05-25 07:07:36] INFO: Controller Fetching all modules
[2025-05-25 07:07:36] INFO: Fetching all roles
[2025-05-25 07:07:36] INFO: Fetching all modules
[2025-05-25 07:07:36] INFO: Fetching all permissions
[2025-05-25 07:07:41] INFO: Application started
[2025-05-25 07:07:41] INFO: Request method: GET
[2025-05-25 07:07:41] INFO: Request URI: /role-permissions?role_id=2
[2025-05-25 07:07:41] INFO: Request headers: {"Host":"localhost:8000","Connection":"keep-alive","sec-ch-ua":"\"Chromium\";v=\"136\", \"Google Chrome\";v=\"136\", \"Not.A\/Brand\";v=\"99\"","sec-ch-ua-mobile":"?0","sec-ch-ua-platform":"\"Windows\"","DNT":"1","Upgrade-Insecure-Requests":"1","User-Agent":"Mozilla\/5.0 (Windows NT 10.0; Win64; x64) AppleWebKit\/537.36 (KHTML, like Gecko) Chrome\/136.0.0.0 Safari\/537.36","Accept":"text\/html,application\/xhtml+xml,application\/xml;q=0.9,image\/avif,image\/webp,image\/apng,*\/*;q=0.8,application\/signed-exchange;v=b3;q=0.7","Sec-Fetch-Site":"same-origin","Sec-Fetch-Mode":"navigate","Sec-Fetch-User":"?1","Sec-Fetch-Dest":"document","Referer":"http:\/\/localhost:8000\/role-permissions?role_id=1","Accept-Encoding":"gzip, deflate, br, zstd","Accept-Language":"en-ID,en;q=0.9","Cookie":"PHPSESSID=70gakflld4esqh84u8civa4a1v"}
[2025-05-25 07:07:41] INFO: Request body: 
[2025-05-25 07:07:41] INFO: Controller Fetching all modules
[2025-05-25 07:07:41] INFO: Fetching all roles
[2025-05-25 07:07:41] INFO: Fetching all modules
[2025-05-25 07:07:41] INFO: Fetching all permissions
[2025-05-25 07:07:46] INFO: Application started
[2025-05-25 07:07:46] INFO: Request method: POST
[2025-05-25 07:07:46] INFO: Request URI: /role-permissions/update
[2025-05-25 07:07:46] INFO: Request headers: {"Host":"localhost:8000","Connection":"keep-alive","Content-Length":"169","Cache-Control":"max-age=0","sec-ch-ua":"\"Chromium\";v=\"136\", \"Google Chrome\";v=\"136\", \"Not.A\/Brand\";v=\"99\"","sec-ch-ua-mobile":"?0","sec-ch-ua-platform":"\"Windows\"","Origin":"http:\/\/localhost:8000","DNT":"1","Upgrade-Insecure-Requests":"1","Content-Type":"application\/x-www-form-urlencoded","User-Agent":"Mozilla\/5.0 (Windows NT 10.0; Win64; x64) AppleWebKit\/537.36 (KHTML, like Gecko) Chrome\/136.0.0.0 Safari\/537.36","Accept":"text\/html,application\/xhtml+xml,application\/xml;q=0.9,image\/avif,image\/webp,image\/apng,*\/*;q=0.8,application\/signed-exchange;v=b3;q=0.7","Sec-Fetch-Site":"same-origin","Sec-Fetch-Mode":"navigate","Sec-Fetch-User":"?1","Sec-Fetch-Dest":"document","Referer":"http:\/\/localhost:8000\/role-permissions?role_id=2","Accept-Encoding":"gzip, deflate, br, zstd","Accept-Language":"en-ID,en;q=0.9","Cookie":"PHPSESSID=70gakflld4esqh84u8civa4a1v"}
[2025-05-25 07:07:46] INFO: Request body: _csrf_token=95e61605837f24dadcf5c772fdadd8c879982fc218d52ae87a5e1a91206e3408&role_id=2&permissions%5B1%5D%5B%5D=5&permissions%5B13%5D%5B%5D=5&permissions%5B13%5D%5B%5D=7
